2022-12-16 05:01:03.692  WARN 96894 --- [Test worker] ory$DuplicateJsonObjectContextCustomizer : 

Found multiple occurrences of org.json.JSONObject on the class path:

	jar:file:/Users/NtroduceMe/.gradle/caches/modules-2/files-2.1/org.json/json/20220924/5aa95e7688f76c664af205c5937620f02688dfbc/json-20220924.jar!/org/json/JSONObject.class
	jar:file:/Users/NtroduceMe/.gradle/caches/modules-2/files-2.1/com.vaadin.external.google/android-json/0.0.20131108.vaadin1/fa26d351fe62a6a17f5cda1287c1c6110dec413f/android-json-0.0.20131108.vaadin1.jar!/org/json/JSONObject.class

You may wish to exclude one of them to ensure predictable runtime behavior

2022-12-16 05:01:03.719  INFO 96894 --- [Test worker] c.b.i.UserAccountEndToEndFunctionalTests : Starting UserAccountEndToEndFunctionalTests using Java 18.0.1.1 on Usmans-iMac.local with PID 96894 (started by NtroduceMe in /Users/NtroduceMe/Documents/Git/bloip)
2022-12-16 05:01:03.720  INFO 96894 --- [Test worker] c.b.i.UserAccountEndToEndFunctionalTests : No active profile set, falling back to 1 default profile: "default"
2022-12-16 05:01:08.326  INFO 96894 --- [Test worker] .s.d.r.c.RepositoryConfigurationDelegate : Bootstrapping Spring Data JPA repositories in DEFAULT mode.
2022-12-16 05:01:08.426  INFO 96894 --- [Test worker] .s.d.r.c.RepositoryConfigurationDelegate : Finished Spring Data repository scanning in 91 ms. Found 18 JPA repository interfaces.
2022-12-16 05:01:09.959  INFO 96894 --- [Test worker] o.s.b.w.embedded.tomcat.TomcatWebServer  : Tomcat initialized with port(s): 8443 (https)
2022-12-16 05:01:09.971  INFO 96894 --- [Test worker] o.apache.catalina.core.StandardService   : Starting service [Tomcat]
2022-12-16 05:01:09.972  INFO 96894 --- [Test worker] org.apache.catalina.core.StandardEngine  : Starting Servlet engine: [Apache Tomcat/9.0.63]
2022-12-16 05:01:11.034  INFO 96894 --- [Test worker] o.a.c.c.C.[Tomcat].[localhost].[/]       : Initializing Spring embedded WebApplicationContext
2022-12-16 05:01:11.035  INFO 96894 --- [Test worker] w.s.c.ServletWebServerApplicationContext : Root WebApplicationContext: initialization completed in 6149 ms
2022-12-16 05:01:11.390  INFO 96894 --- [Test worker] com.zaxxer.hikari.HikariDataSource       : HikariPool-1 - Starting...
2022-12-16 05:01:11.818  INFO 96894 --- [Test worker] com.zaxxer.hikari.HikariDataSource       : HikariPool-1 - Start completed.
2022-12-16 05:01:12.217  INFO 96894 --- [Test worker] o.hibernate.jpa.internal.util.LogHelper  : HHH000204: Processing PersistenceUnitInfo [name: default]
2022-12-16 05:01:12.448  INFO 96894 --- [Test worker] org.hibernate.Version                    : HHH000412: Hibernate ORM core version 5.6.9.Final
2022-12-16 05:01:12.979  INFO 96894 --- [Test worker] o.hibernate.annotations.common.Version   : HCANN000001: Hibernate Commons Annotations {5.1.2.Final}
2022-12-16 05:01:13.305  INFO 96894 --- [Test worker] org.hibernate.dialect.Dialect            : HHH000400: Using dialect: org.hibernate.dialect.MySQL5InnoDBDialect
2022-12-16 05:01:14.669  INFO 96894 --- [Test worker] o.h.e.t.j.p.i.JtaPlatformInitiator       : HHH000490: Using JtaPlatform implementation: [org.hibernate.engine.transaction.jta.platform.internal.NoJtaPlatform]
2022-12-16 05:01:14.729  INFO 96894 --- [Test worker] j.LocalContainerEntityManagerFactoryBean : Initialized JPA EntityManagerFactory for persistence unit 'default'
2022-12-16 05:01:15.913  INFO 96894 --- [Test worker] com.bloip.services.LoggingService        : Initializing user cache
2022-12-16 05:01:15.936  INFO 96894 --- [Test worker] com.bloip.services.LoggingService        : User cache initialized


2022-12-16 05:01:16.103  INFO 96894 --- [Test worker] com.bloip.services.LoggingService        : Initializing user cookie cache
2022-12-16 05:01:16.110  INFO 96894 --- [Test worker] com.bloip.services.LoggingService        : UserCookie cache initialized


2022-12-16 05:01:16.786  INFO 96894 --- [Test worker] com.bloip.services.LoggingService        : Initialized languages: 7, in English
2022-12-16 05:01:16.796  INFO 96894 --- [Test worker] com.bloip.services.LoggingService        : Initialized languages: 7, in Spanish
2022-12-16 05:01:16.807  INFO 96894 --- [Test worker] com.bloip.services.LoggingService        : Initialized languages: 7, in Portuguese
2022-12-16 05:01:16.816  INFO 96894 --- [Test worker] com.bloip.services.LoggingService        : Initialized languages: 7, in French
2022-12-16 05:01:16.827  INFO 96894 --- [Test worker] com.bloip.services.LoggingService        : Initialized languages: 7, in Russian
2022-12-16 05:01:16.836  INFO 96894 --- [Test worker] com.bloip.services.LoggingService        : Initialized languages: 7, in Italian
2022-12-16 05:01:16.845  INFO 96894 --- [Test worker] com.bloip.services.LoggingService        : Initialized languages: 7, in German
2022-12-16 05:01:17.791  INFO 96894 --- [Test worker] com.bloip.services.LoggingService        : Initializing country service...
2022-12-16 05:01:18.196  INFO 96894 --- [Test worker] com.bloip.services.LoggingService        : Initialized countries: 244, in English
2022-12-16 05:01:18.367  INFO 96894 --- [Test worker] com.bloip.services.LoggingService        : Initialized countries: 244, in Spanish
2022-12-16 05:01:18.512  INFO 96894 --- [Test worker] com.bloip.services.LoggingService        : Initialized countries: 244, in Portuguese
2022-12-16 05:01:18.639  INFO 96894 --- [Test worker] com.bloip.services.LoggingService        : Initialized countries: 244, in French
2022-12-16 05:01:18.782  INFO 96894 --- [Test worker] com.bloip.services.LoggingService        : Initialized countries: 244, in Russian
2022-12-16 05:01:18.885  INFO 96894 --- [Test worker] com.bloip.services.LoggingService        : Initialized countries: 244, in Italian
2022-12-16 05:01:18.982  INFO 96894 --- [Test worker] com.bloip.services.LoggingService        : Initialized countries: 244, in German
2022-12-16 05:01:18.982  INFO 96894 --- [Test worker] com.bloip.services.LoggingService        : CountryService initialized
2022-12-16 05:01:20.025  INFO 96894 --- [Test worker] com.bloip.services.LoggingService        : Initializing inbox cache
2022-12-16 05:01:20.030  INFO 96894 --- [Test worker] com.bloip.services.LoggingService        : Inbox cache initialized


2022-12-16 05:01:20.095  INFO 96894 --- [Test worker] com.bloip.services.LoggingService        : Filter registrations loaded.


2022-12-16 05:01:20.391  INFO 96894 --- [Test worker] com.bloip.services.LoggingService        : Loading comments cache
2022-12-16 05:01:20.398  INFO 96894 --- [Test worker] com.bloip.services.LoggingService        : Comment cache is loaded with 0
2022-12-16 05:01:20.460  INFO 96894 --- [Test worker] com.bloip.services.LoggingService        : Initializing discussion cache
2022-12-16 05:01:20.479  INFO 96894 --- [Test worker] com.bloip.services.LoggingService        : Discussion cache initialized: 0 discussions loaded across and sorted in 0 stacks (1 for each country represented)


2022-12-16 05:01:20.511  INFO 96894 --- [Test worker] com.bloip.services.LoggingService        : Initializing discussion subscription cache
2022-12-16 05:01:20.515  INFO 96894 --- [Test worker] com.bloip.services.LoggingService        : Discussion subscription cache initialized


2022-12-16 05:01:20.538  INFO 96894 --- [Test worker] com.bloip.services.LoggingService        : 
Loading web push notification cache
2022-12-16 05:01:20.543  INFO 96894 --- [Test worker] com.bloip.services.LoggingService        : Loaded 0 web push notification stats.

2022-12-16 05:01:20.564  INFO 96894 --- [Test worker] com.bloip.services.LoggingService        : 
Loading web push subscription cache
2022-12-16 05:01:20.569  INFO 96894 --- [Test worker] com.bloip.services.LoggingService        : Loaded subscriptions for 0 users.

2022-12-16 05:01:20.618  INFO 96894 --- [Test worker] com.bloip.services.LoggingService        : AdminNotifier Service NOT fully initialized and will make FAKE remote calls!!!
2022-12-16 05:01:21.053  INFO 96894 --- [Test worker] com.bloip.services.LoggingService        : ConversionRequestProducer initializing
2022-12-16 05:01:21.101  INFO 96894 --- [Test worker] com.bloip.services.LoggingService        : initialized: RemoteServices: NO
2022-12-16 05:01:21.104  INFO 96894 --- [Test worker] com.bloip.services.LoggingService        : MediaConversion Service NOT fully initialized and will make FAKE remote calls!!!
2022-12-16 05:01:21.527  INFO 96894 --- [Test worker] com.bloip.services.LoggingService        : AWSMediaConvertProducer initializing...
2022-12-16 05:01:22.293  INFO 96894 --- [Test worker] com.bloip.services.LoggingService        : Endpoint: https://q25wbt2lc.mediaconvert.us-east-1.amazonaws.com
2022-12-16 05:01:22.295  INFO 96894 --- [Test worker] com.bloip.services.LoggingService        : initialized: RemoteServices: NO
2022-12-16 05:01:22.300  INFO 96894 --- [Test worker] com.bloip.services.LoggingService        : ConversionCompleteConsumer initializing...
2022-12-16 05:01:22.333  INFO 96894 --- [Test worker] com.bloip.services.LoggingService        : initialized: RemoteServices: NO
2022-12-16 05:01:22.338  INFO 96894 --- [Test worker] com.bloip.services.LoggingService        : ConversionRequestConsumer initializing...
2022-12-16 05:01:22.341  INFO 96894 --- [Test worker] com.bloip.services.LoggingService        : initialized: RemoteServices: NO
2022-12-16 05:01:22.920  INFO 96894 --- [Test worker] o.s.s.web.DefaultSecurityFilterChain     : Will secure any request with [org.springframework.security.web.session.DisableEncodeUrlFilter@4ca8d446, org.springframework.security.web.context.request.async.WebAsyncManagerIntegrationFilter@730632bb, org.springframework.security.web.context.SecurityContextPersistenceFilter@40d259d0, org.springframework.security.web.header.HeaderWriterFilter@717d3b2b, org.springframework.security.web.authentication.logout.LogoutFilter@4d9a46fc, org.springframework.security.web.authentication.UsernamePasswordAuthenticationFilter@1332f571, org.springframework.security.web.savedrequest.RequestCacheAwareFilter@e357a34, org.springframework.security.web.servletapi.SecurityContextHolderAwareRequestFilter@5cfbbefb, org.springframework.security.web.authentication.AnonymousAuthenticationFilter@1a2b0708, com.bloip.filters.GlobalFilter@5281a933, org.springframework.security.web.session.SessionManagementFilter@1c0c4d2d, org.springframework.security.web.access.ExceptionTranslationFilter@2494847f, org.springframework.security.web.access.intercept.FilterSecurityInterceptor@1bfdd7a4]
2022-12-16 05:01:23.019  WARN 96894 --- [Test worker] JpaBaseConfiguration$JpaWebConfiguration : spring.jpa.open-in-view is enabled by default. Therefore, database queries may be performed during view rendering. Explicitly configure spring.jpa.open-in-view to disable this warning
2022-12-16 05:01:23.512  INFO 96894 --- [Test worker] o.s.b.a.w.s.WelcomePageHandlerMapping    : Adding welcome page template: index
2022-12-16 05:01:24.277  INFO 96894 --- [Test worker] o.s.b.w.embedded.tomcat.TomcatWebServer  : Tomcat started on port(s): 8443 (https) with context path ''
2022-12-16 05:01:24.288  INFO 96894 --- [Test worker] c.b.i.UserAccountEndToEndFunctionalTests : Started UserAccountEndToEndFunctionalTests in 26.584 seconds (JVM running for 34.284)
2022-12-16 05:10:24.600  INFO 96894 --- [SpringApplicationShutdownHook] j.LocalContainerEntityManagerFactoryBean : Closing JPA EntityManagerFactory for persistence unit 'default'
2022-12-16 05:10:24.682  INFO 96894 --- [SpringApplicationShutdownHook] com.zaxxer.hikari.HikariDataSource       : HikariPool-1 - Shutdown initiated...
2022-12-16 05:10:24.740  INFO 96894 --- [SpringApplicationShutdownHook] com.zaxxer.hikari.HikariDataSource       : HikariPool-1 - Shutdown completed.
2022-12-16 05:11:39.254  WARN 96958 --- [Test worker] ory$DuplicateJsonObjectContextCustomizer : 

Found multiple occurrences of org.json.JSONObject on the class path:

	jar:file:/Users/NtroduceMe/.gradle/caches/modules-2/files-2.1/org.json/json/20220924/5aa95e7688f76c664af205c5937620f02688dfbc/json-20220924.jar!/org/json/JSONObject.class
	jar:file:/Users/NtroduceMe/.gradle/caches/modules-2/files-2.1/com.vaadin.external.google/android-json/0.0.20131108.vaadin1/fa26d351fe62a6a17f5cda1287c1c6110dec413f/android-json-0.0.20131108.vaadin1.jar!/org/json/JSONObject.class

You may wish to exclude one of them to ensure predictable runtime behavior

2022-12-16 05:11:39.369  INFO 96958 --- [Test worker] c.b.i.UserAccountEndToEndFunctionalTests : Starting UserAccountEndToEndFunctionalTests using Java 18.0.1.1 on Usmans-iMac.local with PID 96958 (started by NtroduceMe in /Users/NtroduceMe/Documents/Git/bloip)
2022-12-16 05:11:39.376  INFO 96958 --- [Test worker] c.b.i.UserAccountEndToEndFunctionalTests : No active profile set, falling back to 1 default profile: "default"
2022-12-16 05:11:51.827  INFO 96958 --- [Test worker] .s.d.r.c.RepositoryConfigurationDelegate : Bootstrapping Spring Data JPA repositories in DEFAULT mode.
2022-12-16 05:11:52.020  INFO 96958 --- [Test worker] .s.d.r.c.RepositoryConfigurationDelegate : Finished Spring Data repository scanning in 91 ms. Found 18 JPA repository interfaces.
2022-12-16 05:11:54.324  INFO 96958 --- [Test worker] o.s.b.w.embedded.tomcat.TomcatWebServer  : Tomcat initialized with port(s): 8443 (https)
2022-12-16 05:11:54.337  INFO 96958 --- [Test worker] o.apache.catalina.core.StandardService   : Starting service [Tomcat]
2022-12-16 05:11:54.337  INFO 96958 --- [Test worker] org.apache.catalina.core.StandardEngine  : Starting Servlet engine: [Apache Tomcat/9.0.63]
2022-12-16 05:11:55.295  INFO 96958 --- [Test worker] o.a.c.c.C.[Tomcat].[localhost].[/]       : Initializing Spring embedded WebApplicationContext
2022-12-16 05:11:55.296  INFO 96958 --- [Test worker] w.s.c.ServletWebServerApplicationContext : Root WebApplicationContext: initialization completed in 11761 ms
2022-12-16 05:11:56.761  INFO 96958 --- [Test worker] com.zaxxer.hikari.HikariDataSource       : HikariPool-1 - Starting...
2022-12-16 05:11:57.191  INFO 96958 --- [Test worker] com.zaxxer.hikari.HikariDataSource       : HikariPool-1 - Start completed.
2022-12-16 05:11:57.601  INFO 96958 --- [Test worker] o.hibernate.jpa.internal.util.LogHelper  : HHH000204: Processing PersistenceUnitInfo [name: default]
2022-12-16 05:11:57.843  INFO 96958 --- [Test worker] org.hibernate.Version                    : HHH000412: Hibernate ORM core version 5.6.9.Final
2022-12-16 05:11:58.420  INFO 96958 --- [Test worker] o.hibernate.annotations.common.Version   : HCANN000001: Hibernate Commons Annotations {5.1.2.Final}
2022-12-16 05:11:58.778  INFO 96958 --- [Test worker] org.hibernate.dialect.Dialect            : HHH000400: Using dialect: org.hibernate.dialect.MySQL5InnoDBDialect
2022-12-16 05:12:00.177  INFO 96958 --- [Test worker] o.h.e.t.j.p.i.JtaPlatformInitiator       : HHH000490: Using JtaPlatform implementation: [org.hibernate.engine.transaction.jta.platform.internal.NoJtaPlatform]
2022-12-16 05:12:00.246  INFO 96958 --- [Test worker] j.LocalContainerEntityManagerFactoryBean : Initialized JPA EntityManagerFactory for persistence unit 'default'
2022-12-16 05:12:01.577  INFO 96958 --- [Test worker] com.bloip.services.LoggingService        : Initializing user cache
2022-12-16 05:12:01.635  INFO 96958 --- [Test worker] com.bloip.services.LoggingService        : User cache initialized


2022-12-16 05:12:01.810  INFO 96958 --- [Test worker] com.bloip.services.LoggingService        : Initializing user cookie cache
2022-12-16 05:12:01.816  INFO 96958 --- [Test worker] com.bloip.services.LoggingService        : UserCookie cache initialized


2022-12-16 05:12:02.181  INFO 96958 --- [Test worker] com.bloip.services.LoggingService        : Initialized languages: 7, in English
2022-12-16 05:12:02.193  INFO 96958 --- [Test worker] com.bloip.services.LoggingService        : Initialized languages: 7, in Spanish
2022-12-16 05:12:02.204  INFO 96958 --- [Test worker] com.bloip.services.LoggingService        : Initialized languages: 7, in Portuguese
2022-12-16 05:12:02.218  INFO 96958 --- [Test worker] com.bloip.services.LoggingService        : Initialized languages: 7, in French
2022-12-16 05:12:02.231  INFO 96958 --- [Test worker] com.bloip.services.LoggingService        : Initialized languages: 7, in Russian
2022-12-16 05:12:02.242  INFO 96958 --- [Test worker] com.bloip.services.LoggingService        : Initialized languages: 7, in Italian
2022-12-16 05:12:02.253  INFO 96958 --- [Test worker] com.bloip.services.LoggingService        : Initialized languages: 7, in German
2022-12-16 05:12:03.260  INFO 96958 --- [Test worker] com.bloip.services.LoggingService        : Initializing country service...
2022-12-16 05:12:03.534  INFO 96958 --- [Test worker] com.bloip.services.LoggingService        : Initialized countries: 244, in English
2022-12-16 05:12:03.706  INFO 96958 --- [Test worker] com.bloip.services.LoggingService        : Initialized countries: 244, in Spanish
2022-12-16 05:12:03.864  INFO 96958 --- [Test worker] com.bloip.services.LoggingService        : Initialized countries: 244, in Portuguese
2022-12-16 05:12:03.987  INFO 96958 --- [Test worker] com.bloip.services.LoggingService        : Initialized countries: 244, in French
2022-12-16 05:12:04.117  INFO 96958 --- [Test worker] com.bloip.services.LoggingService        : Initialized countries: 244, in Russian
2022-12-16 05:12:04.224  INFO 96958 --- [Test worker] com.bloip.services.LoggingService        : Initialized countries: 244, in Italian
2022-12-16 05:12:04.323  INFO 96958 --- [Test worker] com.bloip.services.LoggingService        : Initialized countries: 244, in German
2022-12-16 05:12:04.323  INFO 96958 --- [Test worker] com.bloip.services.LoggingService        : CountryService initialized
2022-12-16 05:12:05.389  INFO 96958 --- [Test worker] com.bloip.services.LoggingService        : Initializing inbox cache
2022-12-16 05:12:05.394  INFO 96958 --- [Test worker] com.bloip.services.LoggingService        : Inbox cache initialized


2022-12-16 05:12:05.458  INFO 96958 --- [Test worker] com.bloip.services.LoggingService        : Filter registrations loaded.


2022-12-16 05:12:05.718  INFO 96958 --- [Test worker] com.bloip.services.LoggingService        : Loading comments cache
2022-12-16 05:12:05.725  INFO 96958 --- [Test worker] com.bloip.services.LoggingService        : Comment cache is loaded with 0
2022-12-16 05:12:05.785  INFO 96958 --- [Test worker] com.bloip.services.LoggingService        : Initializing discussion cache
2022-12-16 05:12:05.803  INFO 96958 --- [Test worker] com.bloip.services.LoggingService        : Discussion cache initialized: 0 discussions loaded across and sorted in 0 stacks (1 for each country represented)


2022-12-16 05:12:05.837  INFO 96958 --- [Test worker] com.bloip.services.LoggingService        : Initializing discussion subscription cache
2022-12-16 05:12:05.841  INFO 96958 --- [Test worker] com.bloip.services.LoggingService        : Discussion subscription cache initialized


2022-12-16 05:12:05.868  INFO 96958 --- [Test worker] com.bloip.services.LoggingService        : 
Loading web push notification cache
2022-12-16 05:12:05.874  INFO 96958 --- [Test worker] com.bloip.services.LoggingService        : Loaded 0 web push notification stats.

2022-12-16 05:12:05.895  INFO 96958 --- [Test worker] com.bloip.services.LoggingService        : 
Loading web push subscription cache
2022-12-16 05:12:05.900  INFO 96958 --- [Test worker] com.bloip.services.LoggingService        : Loaded subscriptions for 0 users.

2022-12-16 05:12:05.966  INFO 96958 --- [Test worker] com.bloip.services.LoggingService        : AdminNotifier initializing...
2022-12-16 05:12:06.151  INFO 96958 --- [Test worker] com.bloip.services.LoggingService        : AdminNotifier Service initialized: Remote Services: NO
2022-12-16 05:12:06.584  INFO 96958 --- [Test worker] com.bloip.services.LoggingService        : ConversionRequestProducer initializing
2022-12-16 05:12:06.586  INFO 96958 --- [Test worker] com.bloip.services.LoggingService        : initialized: RemoteServices: NO
2022-12-16 05:12:07.001  INFO 96958 --- [Test worker] com.bloip.services.LoggingService        : AWSMediaConvertProducer initializing...
2022-12-16 05:12:07.800  INFO 96958 --- [Test worker] com.bloip.services.LoggingService        : Endpoint: https://q25wbt2lc.mediaconvert.us-east-1.amazonaws.com
2022-12-16 05:12:07.803  INFO 96958 --- [Test worker] com.bloip.services.LoggingService        : initialized: RemoteServices: NO
2022-12-16 05:12:07.807  INFO 96958 --- [Test worker] com.bloip.services.LoggingService        : ConversionCompleteConsumer initializing...
2022-12-16 05:12:07.841  INFO 96958 --- [Test worker] com.bloip.services.LoggingService        : initialized: RemoteServices: NO
2022-12-16 05:12:07.848  INFO 96958 --- [Test worker] com.bloip.services.LoggingService        : ConversionRequestConsumer initializing...
2022-12-16 05:12:07.852  INFO 96958 --- [Test worker] com.bloip.services.LoggingService        : initialized: RemoteServices: NO
2022-12-16 05:12:08.447  INFO 96958 --- [Test worker] o.s.s.web.DefaultSecurityFilterChain     : Will secure any request with [org.springframework.security.web.session.DisableEncodeUrlFilter@7e74ee89, org.springframework.security.web.context.request.async.WebAsyncManagerIntegrationFilter@7c808f75, org.springframework.security.web.context.SecurityContextPersistenceFilter@4339a2e5, org.springframework.security.web.header.HeaderWriterFilter@639c8336, org.springframework.security.web.authentication.logout.LogoutFilter@7538cc8c, org.springframework.security.web.authentication.UsernamePasswordAuthenticationFilter@31725f55, org.springframework.security.web.savedrequest.RequestCacheAwareFilter@1ef06deb, org.springframework.security.web.servletapi.SecurityContextHolderAwareRequestFilter@10d0ca5a, org.springframework.security.web.authentication.AnonymousAuthenticationFilter@652d8ca, com.bloip.filters.GlobalFilter@32e14bc3, org.springframework.security.web.session.SessionManagementFilter@71fc80df, org.springframework.security.web.access.ExceptionTranslationFilter@689b792e, org.springframework.security.web.access.intercept.FilterSecurityInterceptor@4e33000f]
2022-12-16 05:12:08.560  WARN 96958 --- [Test worker] JpaBaseConfiguration$JpaWebConfiguration : spring.jpa.open-in-view is enabled by default. Therefore, database queries may be performed during view rendering. Explicitly configure spring.jpa.open-in-view to disable this warning
2022-12-16 05:12:09.078  INFO 96958 --- [Test worker] o.s.b.a.w.s.WelcomePageHandlerMapping    : Adding welcome page template: index
2022-12-16 05:12:09.874  INFO 96958 --- [Test worker] o.s.b.w.embedded.tomcat.TomcatWebServer  : Tomcat started on port(s): 8443 (https) with context path ''
2022-12-16 05:12:09.896  INFO 96958 --- [Test worker] c.b.i.UserAccountEndToEndFunctionalTests : Started UserAccountEndToEndFunctionalTests in 38.206 seconds (JVM running for 42.197)
2022-12-16 05:21:11.133  INFO 96958 --- [SpringApplicationShutdownHook] j.LocalContainerEntityManagerFactoryBean : Closing JPA EntityManagerFactory for persistence unit 'default'
2022-12-16 05:21:11.167  INFO 96958 --- [SpringApplicationShutdownHook] com.zaxxer.hikari.HikariDataSource       : HikariPool-1 - Shutdown initiated...
2022-12-16 05:21:11.193  INFO 96958 --- [SpringApplicationShutdownHook] com.zaxxer.hikari.HikariDataSource       : HikariPool-1 - Shutdown completed.
2022-12-16 05:28:16.629  INFO 97041 --- [main] com.bloip.BloipApplicationKt             : Starting BloipApplicationKt using Java 18.0.1.1 on Usmans-iMac.local with PID 97041 (/Users/NtroduceMe/Documents/Git/bloip/build/classes/kotlin/main started by NtroduceMe in /Users/NtroduceMe/Documents/Git/bloip)
2022-12-16 05:28:16.654  INFO 97041 --- [main] com.bloip.BloipApplicationKt             : No active profile set, falling back to 1 default profile: "default"
2022-12-16 05:28:20.991  INFO 97041 --- [main] .s.d.r.c.RepositoryConfigurationDelegate : Bootstrapping Spring Data JPA repositories in DEFAULT mode.
2022-12-16 05:28:21.111  INFO 97041 --- [main] .s.d.r.c.RepositoryConfigurationDelegate : Finished Spring Data repository scanning in 82 ms. Found 18 JPA repository interfaces.
2022-12-16 05:28:22.278  INFO 97041 --- [main] o.s.b.w.embedded.tomcat.TomcatWebServer  : Tomcat initialized with port(s): 8443 (https)
2022-12-16 05:28:22.391  INFO 97041 --- [main] o.apache.catalina.core.StandardService   : Starting service [Tomcat]
2022-12-16 05:28:22.391  INFO 97041 --- [main] org.apache.catalina.core.StandardEngine  : Starting Servlet engine: [Apache Tomcat/9.0.63]
2022-12-16 05:28:22.677  INFO 97041 --- [main] o.a.c.c.C.[Tomcat].[localhost].[/]       : Initializing Spring embedded WebApplicationContext
2022-12-16 05:28:22.677  INFO 97041 --- [main] w.s.c.ServletWebServerApplicationContext : Root WebApplicationContext: initialization completed in 4920 ms
2022-12-16 05:28:22.999  INFO 97041 --- [main] com.zaxxer.hikari.HikariDataSource       : HikariPool-1 - Starting...
2022-12-16 05:28:23.494  INFO 97041 --- [main] com.zaxxer.hikari.HikariDataSource       : HikariPool-1 - Start completed.
2022-12-16 05:28:23.803  INFO 97041 --- [main] o.hibernate.jpa.internal.util.LogHelper  : HHH000204: Processing PersistenceUnitInfo [name: default]
2022-12-16 05:28:24.246  INFO 97041 --- [main] org.hibernate.Version                    : HHH000412: Hibernate ORM core version 5.6.9.Final
2022-12-16 05:28:25.622  INFO 97041 --- [main] o.hibernate.annotations.common.Version   : HCANN000001: Hibernate Commons Annotations {5.1.2.Final}
2022-12-16 05:28:26.024  INFO 97041 --- [main] org.hibernate.dialect.Dialect            : HHH000400: Using dialect: org.hibernate.dialect.MySQL5InnoDBDialect
2022-12-16 05:28:28.087  INFO 97041 --- [main] o.h.e.t.j.p.i.JtaPlatformInitiator       : HHH000490: Using JtaPlatform implementation: [org.hibernate.engine.transaction.jta.platform.internal.NoJtaPlatform]
2022-12-16 05:28:28.204  INFO 97041 --- [main] j.LocalContainerEntityManagerFactoryBean : Initialized JPA EntityManagerFactory for persistence unit 'default'
2022-12-16 05:28:30.071  INFO 97041 --- [main] com.bloip.services.LoggingService        : Initializing user cache
2022-12-16 05:28:30.144  INFO 97041 --- [main] com.bloip.services.LoggingService        : User cache initialized


2022-12-16 05:28:30.269  INFO 97041 --- [main] com.bloip.services.LoggingService        : Initializing user cookie cache
2022-12-16 05:28:30.274  INFO 97041 --- [main] com.bloip.services.LoggingService        : UserCookie cache initialized


2022-12-16 05:28:30.539  INFO 97041 --- [main] com.bloip.services.LoggingService        : Initialized languages: 7, in English
2022-12-16 05:28:30.549  INFO 97041 --- [main] com.bloip.services.LoggingService        : Initialized languages: 7, in Spanish
2022-12-16 05:28:30.559  INFO 97041 --- [main] com.bloip.services.LoggingService        : Initialized languages: 7, in Portuguese
2022-12-16 05:28:30.569  INFO 97041 --- [main] com.bloip.services.LoggingService        : Initialized languages: 7, in French
2022-12-16 05:28:30.579  INFO 97041 --- [main] com.bloip.services.LoggingService        : Initialized languages: 7, in Russian
2022-12-16 05:28:30.589  INFO 97041 --- [main] com.bloip.services.LoggingService        : Initialized languages: 7, in Italian
2022-12-16 05:28:30.598  INFO 97041 --- [main] com.bloip.services.LoggingService        : Initialized languages: 7, in German
2022-12-16 05:28:31.483  INFO 97041 --- [main] com.bloip.services.LoggingService        : Initializing country service...
2022-12-16 05:28:31.706  INFO 97041 --- [main] com.bloip.services.LoggingService        : Initialized countries: 244, in English
2022-12-16 05:28:31.833  INFO 97041 --- [main] com.bloip.services.LoggingService        : Initialized countries: 244, in Spanish
2022-12-16 05:28:31.948  INFO 97041 --- [main] com.bloip.services.LoggingService        : Initialized countries: 244, in Portuguese
2022-12-16 05:28:32.034  INFO 97041 --- [main] com.bloip.services.LoggingService        : Initialized countries: 244, in French
2022-12-16 05:28:32.107  INFO 97041 --- [main] com.bloip.services.LoggingService        : Initialized countries: 244, in Russian
2022-12-16 05:28:32.185  INFO 97041 --- [main] com.bloip.services.LoggingService        : Initialized countries: 244, in Italian
2022-12-16 05:28:32.259  INFO 97041 --- [main] com.bloip.services.LoggingService        : Initialized countries: 244, in German
2022-12-16 05:28:32.259  INFO 97041 --- [main] com.bloip.services.LoggingService        : CountryService initialized
2022-12-16 05:28:32.999  INFO 97041 --- [main] com.bloip.services.LoggingService        : Initializing inbox cache
2022-12-16 05:28:33.003  INFO 97041 --- [main] com.bloip.services.LoggingService        : Inbox cache initialized


2022-12-16 05:28:33.019  INFO 97041 --- [main] com.bloip.services.LoggingService        : Filter registrations loaded.


2022-12-16 05:28:33.320  INFO 97041 --- [main] com.bloip.services.LoggingService        : Loading comments cache
2022-12-16 05:28:33.325  INFO 97041 --- [main] com.bloip.services.LoggingService        : Comment cache is loaded with 0
2022-12-16 05:28:33.371  INFO 97041 --- [main] com.bloip.services.LoggingService        : Initializing discussion cache
2022-12-16 05:28:33.388  INFO 97041 --- [main] com.bloip.services.LoggingService        : Discussion cache initialized: 0 discussions loaded across and sorted in 0 stacks (1 for each country represented)


2022-12-16 05:28:33.412  INFO 97041 --- [main] com.bloip.services.LoggingService        : Initializing discussion subscription cache
2022-12-16 05:28:33.416  INFO 97041 --- [main] com.bloip.services.LoggingService        : Discussion subscription cache initialized


2022-12-16 05:28:33.435  INFO 97041 --- [main] com.bloip.services.LoggingService        : 
Loading web push notification cache
2022-12-16 05:28:33.439  INFO 97041 --- [main] com.bloip.services.LoggingService        : Loaded 0 web push notification stats.

2022-12-16 05:28:33.454  INFO 97041 --- [main] com.bloip.services.LoggingService        : 
Loading web push subscription cache
2022-12-16 05:28:33.458  INFO 97041 --- [main] com.bloip.services.LoggingService        : Loaded subscriptions for 0 users.

2022-12-16 05:28:33.511  INFO 97041 --- [main] com.bloip.services.LoggingService        : AdminNotifier initializing...
2022-12-16 05:28:33.618  INFO 97041 --- [main] com.bloip.services.LoggingService        : AdminNotifier Service initialized: Remote Services: NO
2022-12-16 05:28:34.047  INFO 97041 --- [main] com.bloip.services.LoggingService        : ConversionRequestProducer initializing
2022-12-16 05:28:34.049  INFO 97041 --- [main] com.bloip.services.LoggingService        : initialized: RemoteServices: NO
2022-12-16 05:28:34.380  INFO 97041 --- [main] com.bloip.services.LoggingService        : AWSMediaConvertProducer initializing...
2022-12-16 05:28:35.113  INFO 97041 --- [main] com.bloip.services.LoggingService        : Endpoint: https://q25wbt2lc.mediaconvert.us-east-1.amazonaws.com
2022-12-16 05:28:35.115  INFO 97041 --- [main] com.bloip.services.LoggingService        : initialized: RemoteServices: NO
2022-12-16 05:28:35.117  INFO 97041 --- [main] com.bloip.services.LoggingService        : ConversionCompleteConsumer initializing...
2022-12-16 05:28:35.141  INFO 97041 --- [main] com.bloip.services.LoggingService        : initialized: RemoteServices: NO
2022-12-16 05:28:35.145  INFO 97041 --- [main] com.bloip.services.LoggingService        : ConversionRequestConsumer initializing...
2022-12-16 05:28:35.148  INFO 97041 --- [main] com.bloip.services.LoggingService        : initialized: RemoteServices: NO
2022-12-16 05:28:35.638  INFO 97041 --- [main] o.s.s.web.DefaultSecurityFilterChain     : Will secure any request with [org.springframework.security.web.session.DisableEncodeUrlFilter@18723aac, org.springframework.security.web.context.request.async.WebAsyncManagerIntegrationFilter@4d0ad526, org.springframework.security.web.context.SecurityContextPersistenceFilter@594c66ea, org.springframework.security.web.header.HeaderWriterFilter@2473eaa8, org.springframework.security.web.authentication.logout.LogoutFilter@19f31c85, org.springframework.security.web.authentication.UsernamePasswordAuthenticationFilter@7d440b1f, org.springframework.security.web.savedrequest.RequestCacheAwareFilter@3aaa8361, org.springframework.security.web.servletapi.SecurityContextHolderAwareRequestFilter@3d2ee1a8, org.springframework.security.web.authentication.AnonymousAuthenticationFilter@2c792d36, com.bloip.filters.GlobalFilter@1f44c6b6, org.springframework.security.web.session.SessionManagementFilter@505c675a, org.springframework.security.web.access.ExceptionTranslationFilter@20ea933f, org.springframework.security.web.access.intercept.FilterSecurityInterceptor@6be4686b]
2022-12-16 05:28:35.728  WARN 97041 --- [main] JpaBaseConfiguration$JpaWebConfiguration : spring.jpa.open-in-view is enabled by default. Therefore, database queries may be performed during view rendering. Explicitly configure spring.jpa.open-in-view to disable this warning
2022-12-16 05:28:36.080  INFO 97041 --- [main] o.s.b.a.w.s.WelcomePageHandlerMapping    : Adding welcome page template: index
2022-12-16 05:28:36.667  INFO 97041 --- [main] o.s.b.w.embedded.tomcat.TomcatWebServer  : Tomcat started on port(s): 8443 (https) with context path ''
2022-12-16 05:28:36.677  INFO 97041 --- [main] com.bloip.BloipApplicationKt             : Started BloipApplicationKt in 26.024 seconds (JVM running for 27.531)
2022-12-16 05:33:00.059  INFO 97041 --- [SpringApplicationShutdownHook] j.LocalContainerEntityManagerFactoryBean : Closing JPA EntityManagerFactory for persistence unit 'default'
2022-12-16 05:33:00.144  INFO 97041 --- [SpringApplicationShutdownHook] com.zaxxer.hikari.HikariDataSource       : HikariPool-1 - Shutdown initiated...
2022-12-16 05:33:00.198  INFO 97041 --- [SpringApplicationShutdownHook] com.zaxxer.hikari.HikariDataSource       : HikariPool-1 - Shutdown completed.
2022-12-16 05:36:47.542  INFO 97070 --- [main] com.bloip.BloipApplicationKt             : Starting BloipApplicationKt using Java 18.0.1.1 on Usmans-iMac.local with PID 97070 (/Users/NtroduceMe/Documents/Git/bloip/build/classes/kotlin/main started by NtroduceMe in /Users/NtroduceMe/Documents/Git/bloip)
2022-12-16 05:36:47.568  INFO 97070 --- [main] com.bloip.BloipApplicationKt             : No active profile set, falling back to 1 default profile: "default"
2022-12-16 05:36:53.803  INFO 97070 --- [main] .s.d.r.c.RepositoryConfigurationDelegate : Bootstrapping Spring Data JPA repositories in DEFAULT mode.
2022-12-16 05:36:53.954  INFO 97070 --- [main] .s.d.r.c.RepositoryConfigurationDelegate : Finished Spring Data repository scanning in 91 ms. Found 18 JPA repository interfaces.
2022-12-16 05:36:58.016  INFO 97070 --- [main] o.s.b.w.embedded.tomcat.TomcatWebServer  : Tomcat initialized with port(s): 8443 (https)
2022-12-16 05:36:58.183  INFO 97070 --- [main] o.apache.catalina.core.StandardService   : Starting service [Tomcat]
2022-12-16 05:36:58.183  INFO 97070 --- [main] org.apache.catalina.core.StandardEngine  : Starting Servlet engine: [Apache Tomcat/9.0.63]
2022-12-16 05:36:58.791  INFO 97070 --- [main] o.a.c.c.C.[Tomcat].[localhost].[/]       : Initializing Spring embedded WebApplicationContext
2022-12-16 05:36:58.792  INFO 97070 --- [main] w.s.c.ServletWebServerApplicationContext : Root WebApplicationContext: initialization completed in 9039 ms
2022-12-16 05:36:59.477  INFO 97070 --- [main] com.zaxxer.hikari.HikariDataSource       : HikariPool-1 - Starting...
2022-12-16 05:37:00.163  INFO 97070 --- [main] com.zaxxer.hikari.HikariDataSource       : HikariPool-1 - Start completed.
2022-12-16 05:37:00.617  INFO 97070 --- [main] o.hibernate.jpa.internal.util.LogHelper  : HHH000204: Processing PersistenceUnitInfo [name: default]
2022-12-16 05:37:00.914  INFO 97070 --- [main] org.hibernate.Version                    : HHH000412: Hibernate ORM core version 5.6.9.Final
2022-12-16 05:37:01.413  INFO 97070 --- [main] o.hibernate.annotations.common.Version   : HCANN000001: Hibernate Commons Annotations {5.1.2.Final}
2022-12-16 05:37:01.772  INFO 97070 --- [main] org.hibernate.dialect.Dialect            : HHH000400: Using dialect: org.hibernate.dialect.MySQL5InnoDBDialect
2022-12-16 05:37:03.291  INFO 97070 --- [main] o.h.e.t.j.p.i.JtaPlatformInitiator       : HHH000490: Using JtaPlatform implementation: [org.hibernate.engine.transaction.jta.platform.internal.NoJtaPlatform]
2022-12-16 05:37:03.362  INFO 97070 --- [main] j.LocalContainerEntityManagerFactoryBean : Initialized JPA EntityManagerFactory for persistence unit 'default'
2022-12-16 05:37:04.799  INFO 97070 --- [main] com.bloip.services.LoggingService        : Initializing user cache
2022-12-16 05:37:04.913  INFO 97070 --- [main] com.bloip.services.LoggingService        : User cache initialized


2022-12-16 05:37:05.020  INFO 97070 --- [main] com.bloip.services.LoggingService        : Initializing user cookie cache
2022-12-16 05:37:05.025  INFO 97070 --- [main] com.bloip.services.LoggingService        : UserCookie cache initialized


2022-12-16 05:37:05.262  INFO 97070 --- [main] com.bloip.services.LoggingService        : Initialized languages: 7, in English
2022-12-16 05:37:05.271  INFO 97070 --- [main] com.bloip.services.LoggingService        : Initialized languages: 7, in Spanish
2022-12-16 05:37:05.280  INFO 97070 --- [main] com.bloip.services.LoggingService        : Initialized languages: 7, in Portuguese
2022-12-16 05:37:05.288  INFO 97070 --- [main] com.bloip.services.LoggingService        : Initialized languages: 7, in French
2022-12-16 05:37:05.296  INFO 97070 --- [main] com.bloip.services.LoggingService        : Initialized languages: 7, in Russian
2022-12-16 05:37:05.305  INFO 97070 --- [main] com.bloip.services.LoggingService        : Initialized languages: 7, in Italian
2022-12-16 05:37:05.313  INFO 97070 --- [main] com.bloip.services.LoggingService        : Initialized languages: 7, in German
2022-12-16 05:37:06.205  INFO 97070 --- [main] com.bloip.services.LoggingService        : Initializing country service...
2022-12-16 05:37:06.422  INFO 97070 --- [main] com.bloip.services.LoggingService        : Initialized countries: 244, in English
2022-12-16 05:37:06.541  INFO 97070 --- [main] com.bloip.services.LoggingService        : Initialized countries: 244, in Spanish
2022-12-16 05:37:06.636  INFO 97070 --- [main] com.bloip.services.LoggingService        : Initialized countries: 244, in Portuguese
2022-12-16 05:37:06.719  INFO 97070 --- [main] com.bloip.services.LoggingService        : Initialized countries: 244, in French
2022-12-16 05:37:06.798  INFO 97070 --- [main] com.bloip.services.LoggingService        : Initialized countries: 244, in Russian
2022-12-16 05:37:06.888  INFO 97070 --- [main] com.bloip.services.LoggingService        : Initialized countries: 244, in Italian
2022-12-16 05:37:06.966  INFO 97070 --- [main] com.bloip.services.LoggingService        : Initialized countries: 244, in German
2022-12-16 05:37:06.966  INFO 97070 --- [main] com.bloip.services.LoggingService        : CountryService initialized
2022-12-16 05:37:07.767  INFO 97070 --- [main] com.bloip.services.LoggingService        : Initializing inbox cache
2022-12-16 05:37:07.772  INFO 97070 --- [main] com.bloip.services.LoggingService        : Inbox cache initialized


2022-12-16 05:37:07.788  INFO 97070 --- [main] com.bloip.services.LoggingService        : Filter registrations loaded.


2022-12-16 05:37:08.100  INFO 97070 --- [main] com.bloip.services.LoggingService        : Loading comments cache
2022-12-16 05:37:08.106  INFO 97070 --- [main] com.bloip.services.LoggingService        : Comment cache is loaded with 0
2022-12-16 05:37:08.153  INFO 97070 --- [main] com.bloip.services.LoggingService        : Initializing discussion cache
2022-12-16 05:37:08.170  INFO 97070 --- [main] com.bloip.services.LoggingService        : Discussion cache initialized: 0 discussions loaded across and sorted in 0 stacks (1 for each country represented)


2022-12-16 05:37:08.194  INFO 97070 --- [main] com.bloip.services.LoggingService        : Initializing discussion subscription cache
2022-12-16 05:37:08.198  INFO 97070 --- [main] com.bloip.services.LoggingService        : Discussion subscription cache initialized


2022-12-16 05:37:08.221  INFO 97070 --- [main] com.bloip.services.LoggingService        : 
Loading web push notification cache
2022-12-16 05:37:08.226  INFO 97070 --- [main] com.bloip.services.LoggingService        : Loaded 0 web push notification stats.

2022-12-16 05:37:08.248  INFO 97070 --- [main] com.bloip.services.LoggingService        : 
Loading web push subscription cache
2022-12-16 05:37:08.253  INFO 97070 --- [main] com.bloip.services.LoggingService        : Loaded subscriptions for 0 users.

2022-12-16 05:37:08.314  INFO 97070 --- [main] com.bloip.services.LoggingService        : AdminNotifier initializing...
2022-12-16 05:37:08.406  INFO 97070 --- [main] com.bloip.services.LoggingService        : AdminNotifier Service initialized: Remote Services: NO
2022-12-16 05:37:08.789  INFO 97070 --- [main] com.bloip.services.LoggingService        : ConversionRequestProducer initializing
2022-12-16 05:37:08.791  INFO 97070 --- [main] com.bloip.services.LoggingService        : initialized: RemoteServices: NO
2022-12-16 05:37:09.115  INFO 97070 --- [main] com.bloip.services.LoggingService        : AWSMediaConvertProducer initializing...
2022-12-16 05:37:09.905  INFO 97070 --- [main] com.bloip.services.LoggingService        : MediaConvert endpoint url -> https://q25wbt2lc.mediaconvert.us-east-1.amazonaws.com
2022-12-16 05:37:09.906  INFO 97070 --- [main] com.bloip.services.LoggingService        : initialized: RemoteServices: NO
2022-12-16 05:37:09.911  INFO 97070 --- [main] com.bloip.services.LoggingService        : ConversionCompleteConsumer initializing...
2022-12-16 05:37:09.944  INFO 97070 --- [main] com.bloip.services.LoggingService        : initialized: RemoteServices: NO
2022-12-16 05:37:09.948  INFO 97070 --- [main] com.bloip.services.LoggingService        : ConversionRequestConsumer initializing...
2022-12-16 05:37:09.950  INFO 97070 --- [main] com.bloip.services.LoggingService        : initialized: RemoteServices: NO
2022-12-16 05:37:10.479  INFO 97070 --- [main] o.s.s.web.DefaultSecurityFilterChain     : Will secure any request with [org.springframework.security.web.session.DisableEncodeUrlFilter@1f44c6b6, org.springframework.security.web.context.request.async.WebAsyncManagerIntegrationFilter@166a38a8, org.springframework.security.web.context.SecurityContextPersistenceFilter@3d2ee1a8, org.springframework.security.web.header.HeaderWriterFilter@1da9b95d, org.springframework.security.web.authentication.logout.LogoutFilter@7c98a2ab, org.springframework.security.web.authentication.UsernamePasswordAuthenticationFilter@22887352, org.springframework.security.web.savedrequest.RequestCacheAwareFilter@20309fde, org.springframework.security.web.servletapi.SecurityContextHolderAwareRequestFilter@4e6fb132, org.springframework.security.web.authentication.AnonymousAuthenticationFilter@dd26ca6, com.bloip.filters.GlobalFilter@6827f0b7, org.springframework.security.web.session.SessionManagementFilter@594c66ea, org.springframework.security.web.access.ExceptionTranslationFilter@245b6b85, org.springframework.security.web.access.intercept.FilterSecurityInterceptor@6a67e945]
2022-12-16 05:37:10.562  WARN 97070 --- [main] JpaBaseConfiguration$JpaWebConfiguration : spring.jpa.open-in-view is enabled by default. Therefore, database queries may be performed during view rendering. Explicitly configure spring.jpa.open-in-view to disable this warning
2022-12-16 05:37:10.926  INFO 97070 --- [main] o.s.b.a.w.s.WelcomePageHandlerMapping    : Adding welcome page template: index
2022-12-16 05:37:11.552  INFO 97070 --- [main] o.s.b.w.embedded.tomcat.TomcatWebServer  : Tomcat started on port(s): 8443 (https) with context path ''
2022-12-16 05:37:11.563  INFO 97070 --- [main] com.bloip.BloipApplicationKt             : Started BloipApplicationKt in 29.877 seconds (JVM running for 30.944)
2022-12-16 05:45:53.636  INFO 97070 --- [https-jsse-nio-8443-exec-4] o.a.c.c.C.[Tomcat].[localhost].[/]       : Initializing Spring DispatcherServlet 'dispatcherServlet'
2022-12-16 05:45:53.671  INFO 97070 --- [https-jsse-nio-8443-exec-4] o.s.web.servlet.DispatcherServlet        : Initializing Servlet 'dispatcherServlet'
2022-12-16 05:45:53.676  INFO 97070 --- [https-jsse-nio-8443-exec-4] o.s.web.servlet.DispatcherServlet        : Completed initialization in 5 ms
2022-12-16 05:45:54.528  WARN 97070 --- [https-jsse-nio-8443-exec-4] o.a.c.util.SessionIdGeneratorBase        : Creation of SecureRandom instance for session ID generation using [SHA1PRNG] took [792] milliseconds.
2022-12-16 05:45:54.659  INFO 97070 --- [https-jsse-nio-8443-exec-4] com.bloip.services.LoggingService        : URL: https://localhost:8443/
2022-12-16 05:45:54.703  INFO 97070 --- [https-jsse-nio-8443-exec-4] com.bloip.services.LoggingService        : Cloudfront Country: null
2022-12-16 05:46:01.960  WARN 97070 --- [https-jsse-nio-8443-exec-4] n.n.u.t.e.ExpressionProcessor            : Fragment expression "fragments/base-meta.html :: baseMetaContent" is being wrapped as a Thymeleaf 3 fragment expression (~{...}) for backwards compatibility purposes.  This wrapping will be dropped in the next major version of the expression processor, so please rewrite as a Thymeleaf 3 fragment expression to future-proof your code.  See https://github.com/thymeleaf/thymeleaf/issues/451 for more information.
2022-12-16 05:46:02.333  WARN 97070 --- [https-jsse-nio-8443-exec-4] n.n.u.t.l.fragments.FragmentProcessor    : You don't need to put the layout:fragment/data-layout-fragment attribute into the <head> section - the decoration process will automatically copy the <head> section of your content templates into your layout page.
2022-12-16 05:46:42.389  INFO 97070 --- [https-jsse-nio-8443-exec-5] com.bloip.services.LoggingService        : URL: https://localhost:8443/bloip-login
2022-12-16 05:46:42.390  INFO 97070 --- [https-jsse-nio-8443-exec-5] com.bloip.services.LoggingService        : Cloudfront Country: null
2022-12-16 05:46:44.517  INFO 97070 --- [https-jsse-nio-8443-exec-6] com.bloip.services.LoggingService        : URL: https://localhost:8443/bloip-login
2022-12-16 05:46:44.518  INFO 97070 --- [https-jsse-nio-8443-exec-6] com.bloip.services.LoggingService        : Cloudfront Country: null
2022-12-16 05:46:44.921  INFO 97070 --- [https-jsse-nio-8443-exec-10] com.bloip.services.LoggingService        : URL: https://localhost:8443/bloip-login
2022-12-16 05:46:44.921  INFO 97070 --- [https-jsse-nio-8443-exec-10] com.bloip.services.LoggingService        : Cloudfront Country: null
2022-12-16 05:46:56.264  INFO 97070 --- [https-jsse-nio-8443-exec-9] com.bloip.services.LoggingService        : URL: https://localhost:8443/bloip-settings
2022-12-16 05:46:56.264  INFO 97070 --- [https-jsse-nio-8443-exec-9] com.bloip.services.LoggingService        : Cloudfront Country: null
2022-12-16 05:47:00.219  INFO 97070 --- [https-jsse-nio-8443-exec-2] com.bloip.services.LoggingService        : URL: https://localhost:8443/
2022-12-16 05:47:00.219  INFO 97070 --- [https-jsse-nio-8443-exec-2] com.bloip.services.LoggingService        : Cloudfront Country: null
2022-12-16 05:47:05.279  INFO 97070 --- [https-jsse-nio-8443-exec-5] com.bloip.services.LoggingService        : URL: https://localhost:8443/bloip-settings
2022-12-16 05:47:05.279  INFO 97070 --- [https-jsse-nio-8443-exec-5] com.bloip.services.LoggingService        : Cloudfront Country: null
2022-12-16 05:47:07.709  INFO 97070 --- [https-jsse-nio-8443-exec-8] com.bloip.services.LoggingService        : URL: https://localhost:8443/bloip-logout
2022-12-16 05:47:07.709  INFO 97070 --- [https-jsse-nio-8443-exec-8] com.bloip.services.LoggingService        : Cloudfront Country: null
2022-12-16 05:47:07.733  INFO 97070 --- [https-jsse-nio-8443-exec-7] com.bloip.services.LoggingService        : URL: https://localhost:8443/bloip-login
2022-12-16 05:47:07.733  INFO 97070 --- [https-jsse-nio-8443-exec-7] com.bloip.services.LoggingService        : Cloudfront Country: null
2022-12-16 05:53:57.734  INFO 97070 --- [SpringApplicationShutdownHook] j.LocalContainerEntityManagerFactoryBean : Closing JPA EntityManagerFactory for persistence unit 'default'
2022-12-16 05:53:57.793  INFO 97070 --- [SpringApplicationShutdownHook] com.zaxxer.hikari.HikariDataSource       : HikariPool-1 - Shutdown initiated...
2022-12-16 05:53:57.861  INFO 97070 --- [SpringApplicationShutdownHook] com.zaxxer.hikari.HikariDataSource       : HikariPool-1 - Shutdown completed.
2022-12-16 05:54:39.393  INFO 97120 --- [main] com.bloip.BloipApplicationKt             : Starting BloipApplicationKt using Java 18.0.1.1 on Usmans-iMac.local with PID 97120 (/Users/NtroduceMe/Documents/Git/bloip/build/classes/kotlin/main started by NtroduceMe in /Users/NtroduceMe/Documents/Git/bloip)
2022-12-16 05:54:39.495  INFO 97120 --- [main] com.bloip.BloipApplicationKt             : No active profile set, falling back to 1 default profile: "default"
2022-12-16 05:54:45.186  INFO 97120 --- [main] .s.d.r.c.RepositoryConfigurationDelegate : Bootstrapping Spring Data JPA repositories in DEFAULT mode.
2022-12-16 05:54:45.336  INFO 97120 --- [main] .s.d.r.c.RepositoryConfigurationDelegate : Finished Spring Data repository scanning in 79 ms. Found 18 JPA repository interfaces.
2022-12-16 05:54:46.997  INFO 97120 --- [main] o.s.b.w.embedded.tomcat.TomcatWebServer  : Tomcat initialized with port(s): 8443 (https)
2022-12-16 05:54:47.031  INFO 97120 --- [main] o.apache.catalina.core.StandardService   : Starting service [Tomcat]
2022-12-16 05:54:47.031  INFO 97120 --- [main] org.apache.catalina.core.StandardEngine  : Starting Servlet engine: [Apache Tomcat/9.0.63]
2022-12-16 05:54:47.262  INFO 97120 --- [main] o.a.c.c.C.[Tomcat].[localhost].[/]       : Initializing Spring embedded WebApplicationContext
2022-12-16 05:54:47.262  INFO 97120 --- [main] w.s.c.ServletWebServerApplicationContext : Root WebApplicationContext: initialization completed in 6184 ms
2022-12-16 05:54:47.628  INFO 97120 --- [main] com.zaxxer.hikari.HikariDataSource       : HikariPool-1 - Starting...
2022-12-16 05:54:48.478  INFO 97120 --- [main] com.zaxxer.hikari.HikariDataSource       : HikariPool-1 - Start completed.
2022-12-16 05:54:49.055  INFO 97120 --- [main] o.hibernate.jpa.internal.util.LogHelper  : HHH000204: Processing PersistenceUnitInfo [name: default]
2022-12-16 05:54:49.297  INFO 97120 --- [main] org.hibernate.Version                    : HHH000412: Hibernate ORM core version 5.6.9.Final
2022-12-16 05:54:50.040  INFO 97120 --- [main] o.hibernate.annotations.common.Version   : HCANN000001: Hibernate Commons Annotations {5.1.2.Final}
2022-12-16 05:54:50.476  INFO 97120 --- [main] org.hibernate.dialect.Dialect            : HHH000400: Using dialect: org.hibernate.dialect.MySQL5InnoDBDialect
2022-12-16 05:54:52.640  INFO 97120 --- [main] o.h.e.t.j.p.i.JtaPlatformInitiator       : HHH000490: Using JtaPlatform implementation: [org.hibernate.engine.transaction.jta.platform.internal.NoJtaPlatform]
2022-12-16 05:54:52.766  INFO 97120 --- [main] j.LocalContainerEntityManagerFactoryBean : Initialized JPA EntityManagerFactory for persistence unit 'default'
2022-12-16 05:54:56.567  INFO 97120 --- [main] com.bloip.services.LoggingService        : Initializing user cache
2022-12-16 05:54:56.895  INFO 97120 --- [main] com.bloip.services.LoggingService        : User cache initialized


2022-12-16 05:54:57.199  INFO 97120 --- [main] com.bloip.services.LoggingService        : Initializing user cookie cache
2022-12-16 05:54:57.210  INFO 97120 --- [main] com.bloip.services.LoggingService        : UserCookie cache initialized


2022-12-16 05:54:57.532  INFO 97120 --- [main] com.bloip.services.LoggingService        : Initialized languages: 7, in English
2022-12-16 05:54:57.541  INFO 97120 --- [main] com.bloip.services.LoggingService        : Initialized languages: 7, in Spanish
2022-12-16 05:54:57.549  INFO 97120 --- [main] com.bloip.services.LoggingService        : Initialized languages: 7, in Portuguese
2022-12-16 05:54:57.557  INFO 97120 --- [main] com.bloip.services.LoggingService        : Initialized languages: 7, in French
2022-12-16 05:54:57.565  INFO 97120 --- [main] com.bloip.services.LoggingService        : Initialized languages: 7, in Russian
2022-12-16 05:54:57.573  INFO 97120 --- [main] com.bloip.services.LoggingService        : Initialized languages: 7, in Italian
2022-12-16 05:54:57.581  INFO 97120 --- [main] com.bloip.services.LoggingService        : Initialized languages: 7, in German
2022-12-16 05:54:58.747  INFO 97120 --- [main] com.bloip.services.LoggingService        : Initializing country service...
2022-12-16 05:54:58.998  INFO 97120 --- [main] com.bloip.services.LoggingService        : Initialized countries: 244, in English
2022-12-16 05:54:59.128  INFO 97120 --- [main] com.bloip.services.LoggingService        : Initialized countries: 244, in Spanish
2022-12-16 05:54:59.218  INFO 97120 --- [main] com.bloip.services.LoggingService        : Initialized countries: 244, in Portuguese
2022-12-16 05:54:59.295  INFO 97120 --- [main] com.bloip.services.LoggingService        : Initialized countries: 244, in French
2022-12-16 05:54:59.367  INFO 97120 --- [main] com.bloip.services.LoggingService        : Initialized countries: 244, in Russian
2022-12-16 05:54:59.441  INFO 97120 --- [main] com.bloip.services.LoggingService        : Initialized countries: 244, in Italian
2022-12-16 05:54:59.518  INFO 97120 --- [main] com.bloip.services.LoggingService        : Initialized countries: 244, in German
2022-12-16 05:54:59.519  INFO 97120 --- [main] com.bloip.services.LoggingService        : CountryService initialized
2022-12-16 05:55:00.308  INFO 97120 --- [main] com.bloip.services.LoggingService        : Initializing inbox cache
2022-12-16 05:55:00.325  INFO 97120 --- [main] com.bloip.services.LoggingService        : Inbox cache initialized


2022-12-16 05:55:00.347  INFO 97120 --- [main] com.bloip.services.LoggingService        : Filter registrations loaded.


2022-12-16 05:55:00.798  INFO 97120 --- [main] com.bloip.services.LoggingService        : Loading comments cache
2022-12-16 05:55:00.803  INFO 97120 --- [main] com.bloip.services.LoggingService        : Comment cache is loaded with 0
2022-12-16 05:55:00.858  INFO 97120 --- [main] com.bloip.services.LoggingService        : Initializing discussion cache
2022-12-16 05:55:00.876  INFO 97120 --- [main] com.bloip.services.LoggingService        : Discussion cache initialized: 0 discussions loaded across and sorted in 0 stacks (1 for each country represented)


2022-12-16 05:55:00.899  INFO 97120 --- [main] com.bloip.services.LoggingService        : Initializing discussion subscription cache
2022-12-16 05:55:00.903  INFO 97120 --- [main] com.bloip.services.LoggingService        : Discussion subscription cache initialized


2022-12-16 05:55:00.920  INFO 97120 --- [main] com.bloip.services.LoggingService        : 
Loading web push notification cache
2022-12-16 05:55:00.923  INFO 97120 --- [main] com.bloip.services.LoggingService        : Loaded 0 web push notification stats.

2022-12-16 05:55:00.939  INFO 97120 --- [main] com.bloip.services.LoggingService        : 
Loading web push subscription cache
2022-12-16 05:55:00.943  INFO 97120 --- [main] com.bloip.services.LoggingService        : Loaded subscriptions for 0 users.

2022-12-16 05:55:00.996  INFO 97120 --- [main] com.bloip.services.LoggingService        : AdminNotifier initializing...
2022-12-16 05:55:01.096  INFO 97120 --- [main] com.bloip.services.LoggingService        : AdminNotifier Service initialized: Remote Services: NO
2022-12-16 05:55:01.600  INFO 97120 --- [main] com.bloip.services.LoggingService        : ConversionRequestProducer initializing
2022-12-16 05:55:01.602  INFO 97120 --- [main] com.bloip.services.LoggingService        : initialized: RemoteServices: NO
2022-12-16 05:55:01.919  INFO 97120 --- [main] com.bloip.services.LoggingService        : AWSMediaConvertProducer initializing...
2022-12-16 05:55:02.875  INFO 97120 --- [main] com.bloip.services.LoggingService        : MediaConvert endpoint url -> https://q25wbt2lc.mediaconvert.us-east-1.amazonaws.com
2022-12-16 05:55:02.877  INFO 97120 --- [main] com.bloip.services.LoggingService        : initialized: RemoteServices: NO
2022-12-16 05:55:02.879  INFO 97120 --- [main] com.bloip.services.LoggingService        : ConversionCompleteConsumer initializing...
2022-12-16 05:55:02.881  INFO 97120 --- [main] com.bloip.services.LoggingService        : initialized: RemoteServices: NO
2022-12-16 05:55:02.885  INFO 97120 --- [main] com.bloip.services.LoggingService        : ConversionRequestConsumer initializing...
2022-12-16 05:55:02.887  INFO 97120 --- [main] com.bloip.services.LoggingService        : initialized: RemoteServices: NO
2022-12-16 05:55:03.454  INFO 97120 --- [main] o.s.s.web.DefaultSecurityFilterChain     : Will secure any request with [org.springframework.security.web.session.DisableEncodeUrlFilter@20a569ad, org.springframework.security.web.context.request.async.WebAsyncManagerIntegrationFilter@40f6e092, org.springframework.security.web.context.SecurityContextPersistenceFilter@1f44c6b6, org.springframework.security.web.header.HeaderWriterFilter@22887352, org.springframework.security.web.authentication.logout.LogoutFilter@627beb93, org.springframework.security.web.authentication.UsernamePasswordAuthenticationFilter@7d2410af, org.springframework.security.web.savedrequest.RequestCacheAwareFilter@dd26ca6, org.springframework.security.web.servletapi.SecurityContextHolderAwareRequestFilter@6827f0b7, org.springframework.security.web.authentication.AnonymousAuthenticationFilter@3030edcc, com.bloip.filters.GlobalFilter@7bc27f7e, org.springframework.security.web.session.SessionManagementFilter@18723aac, org.springframework.security.web.access.ExceptionTranslationFilter@769229cb, org.springframework.security.web.access.intercept.FilterSecurityInterceptor@66a4e1ef]
2022-12-16 05:55:03.554  WARN 97120 --- [main] JpaBaseConfiguration$JpaWebConfiguration : spring.jpa.open-in-view is enabled by default. Therefore, database queries may be performed during view rendering. Explicitly configure spring.jpa.open-in-view to disable this warning
2022-12-16 05:55:04.075  INFO 97120 --- [main] o.s.b.a.w.s.WelcomePageHandlerMapping    : Adding welcome page template: index
2022-12-16 05:55:04.765  INFO 97120 --- [main] o.s.b.w.embedded.tomcat.TomcatWebServer  : Tomcat started on port(s): 8443 (https) with context path ''
2022-12-16 05:55:04.789  INFO 97120 --- [main] com.bloip.BloipApplicationKt             : Started BloipApplicationKt in 36.117 seconds (JVM running for 39.759)
2022-12-16 06:04:50.661  INFO 97120 --- [SpringApplicationShutdownHook] j.LocalContainerEntityManagerFactoryBean : Closing JPA EntityManagerFactory for persistence unit 'default'
2022-12-16 06:04:50.919  INFO 97120 --- [SpringApplicationShutdownHook] com.zaxxer.hikari.HikariDataSource       : HikariPool-1 - Shutdown initiated...
2022-12-16 06:04:50.953  INFO 97120 --- [SpringApplicationShutdownHook] com.zaxxer.hikari.HikariDataSource       : HikariPool-1 - Shutdown completed.
2022-12-16 06:16:57.119  WARN 97208 --- [Test worker] ory$DuplicateJsonObjectContextCustomizer : 

Found multiple occurrences of org.json.JSONObject on the class path:

	jar:file:/Users/NtroduceMe/.gradle/caches/modules-2/files-2.1/org.json/json/20220924/5aa95e7688f76c664af205c5937620f02688dfbc/json-20220924.jar!/org/json/JSONObject.class
	jar:file:/Users/NtroduceMe/.gradle/caches/modules-2/files-2.1/com.vaadin.external.google/android-json/0.0.20131108.vaadin1/fa26d351fe62a6a17f5cda1287c1c6110dec413f/android-json-0.0.20131108.vaadin1.jar!/org/json/JSONObject.class

You may wish to exclude one of them to ensure predictable runtime behavior

2022-12-16 06:16:57.193  INFO 97208 --- [Test worker] c.b.i.UserAccountEndToEndFunctionalTests : Starting UserAccountEndToEndFunctionalTests using Java 18.0.1.1 on Usmans-iMac.local with PID 97208 (started by NtroduceMe in /Users/NtroduceMe/Documents/Git/bloip)
2022-12-16 06:16:57.194  INFO 97208 --- [Test worker] c.b.i.UserAccountEndToEndFunctionalTests : No active profile set, falling back to 1 default profile: "default"
2022-12-16 06:17:02.146  INFO 97208 --- [Test worker] .s.d.r.c.RepositoryConfigurationDelegate : Bootstrapping Spring Data JPA repositories in DEFAULT mode.
2022-12-16 06:17:02.256  INFO 97208 --- [Test worker] .s.d.r.c.RepositoryConfigurationDelegate : Finished Spring Data repository scanning in 99 ms. Found 18 JPA repository interfaces.
2022-12-16 06:17:04.098  INFO 97208 --- [Test worker] o.s.b.w.embedded.tomcat.TomcatWebServer  : Tomcat initialized with port(s): 8443 (https)
2022-12-16 06:17:04.177  INFO 97208 --- [Test worker] o.apache.catalina.core.StandardService   : Starting service [Tomcat]
2022-12-16 06:17:04.177  INFO 97208 --- [Test worker] org.apache.catalina.core.StandardEngine  : Starting Servlet engine: [Apache Tomcat/9.0.63]
2022-12-16 06:17:04.514  INFO 97208 --- [Test worker] o.a.c.c.C.[Tomcat].[localhost].[/]       : Initializing Spring embedded WebApplicationContext
2022-12-16 06:17:04.514  INFO 97208 --- [Test worker] w.s.c.ServletWebServerApplicationContext : Root WebApplicationContext: initialization completed in 6122 ms
2022-12-16 06:17:04.963  INFO 97208 --- [Test worker] com.zaxxer.hikari.HikariDataSource       : HikariPool-1 - Starting...
2022-12-16 06:17:05.468  INFO 97208 --- [Test worker] com.zaxxer.hikari.HikariDataSource       : HikariPool-1 - Start completed.
2022-12-16 06:17:05.811  INFO 97208 --- [Test worker] o.hibernate.jpa.internal.util.LogHelper  : HHH000204: Processing PersistenceUnitInfo [name: default]
2022-12-16 06:17:06.031  INFO 97208 --- [Test worker] org.hibernate.Version                    : HHH000412: Hibernate ORM core version 5.6.9.Final
2022-12-16 06:17:06.518  INFO 97208 --- [Test worker] o.hibernate.annotations.common.Version   : HCANN000001: Hibernate Commons Annotations {5.1.2.Final}
2022-12-16 06:17:06.844  INFO 97208 --- [Test worker] org.hibernate.dialect.Dialect            : HHH000400: Using dialect: org.hibernate.dialect.MySQL5InnoDBDialect
2022-12-16 06:17:09.052  INFO 97208 --- [Test worker] o.h.e.t.j.p.i.JtaPlatformInitiator       : HHH000490: Using JtaPlatform implementation: [org.hibernate.engine.transaction.jta.platform.internal.NoJtaPlatform]
2022-12-16 06:17:09.123  INFO 97208 --- [Test worker] j.LocalContainerEntityManagerFactoryBean : Initialized JPA EntityManagerFactory for persistence unit 'default'
2022-12-16 06:17:10.783  INFO 97208 --- [Test worker] com.bloip.services.LoggingService        : Initializing user cache
2022-12-16 06:17:10.985  INFO 97208 --- [Test worker] com.bloip.services.LoggingService        : User cache initialized


2022-12-16 06:17:11.194  INFO 97208 --- [Test worker] com.bloip.services.LoggingService        : Initializing user cookie cache
2022-12-16 06:17:11.207  INFO 97208 --- [Test worker] com.bloip.services.LoggingService        : UserCookie cache initialized


2022-12-16 06:17:11.516  INFO 97208 --- [Test worker] com.bloip.services.LoggingService        : Initialized languages: 7, in English
2022-12-16 06:17:11.526  INFO 97208 --- [Test worker] com.bloip.services.LoggingService        : Initialized languages: 7, in Spanish
2022-12-16 06:17:11.537  INFO 97208 --- [Test worker] com.bloip.services.LoggingService        : Initialized languages: 7, in Portuguese
2022-12-16 06:17:11.547  INFO 97208 --- [Test worker] com.bloip.services.LoggingService        : Initialized languages: 7, in French
2022-12-16 06:17:11.558  INFO 97208 --- [Test worker] com.bloip.services.LoggingService        : Initialized languages: 7, in Russian
2022-12-16 06:17:11.573  INFO 97208 --- [Test worker] com.bloip.services.LoggingService        : Initialized languages: 7, in Italian
2022-12-16 06:17:11.586  INFO 97208 --- [Test worker] com.bloip.services.LoggingService        : Initialized languages: 7, in German
2022-12-16 06:17:12.752  INFO 97208 --- [Test worker] com.bloip.services.LoggingService        : Initializing country service...
2022-12-16 06:17:13.049  INFO 97208 --- [Test worker] com.bloip.services.LoggingService        : Initialized countries: 244, in English
2022-12-16 06:17:13.223  INFO 97208 --- [Test worker] com.bloip.services.LoggingService        : Initialized countries: 244, in Spanish
2022-12-16 06:17:13.366  INFO 97208 --- [Test worker] com.bloip.services.LoggingService        : Initialized countries: 244, in Portuguese
2022-12-16 06:17:13.488  INFO 97208 --- [Test worker] com.bloip.services.LoggingService        : Initialized countries: 244, in French
2022-12-16 06:17:13.606  INFO 97208 --- [Test worker] com.bloip.services.LoggingService        : Initialized countries: 244, in Russian
2022-12-16 06:17:13.730  INFO 97208 --- [Test worker] com.bloip.services.LoggingService        : Initialized countries: 244, in Italian
2022-12-16 06:17:13.828  INFO 97208 --- [Test worker] com.bloip.services.LoggingService        : Initialized countries: 244, in German
2022-12-16 06:17:13.829  INFO 97208 --- [Test worker] com.bloip.services.LoggingService        : CountryService initialized
2022-12-16 06:17:14.818  INFO 97208 --- [Test worker] com.bloip.services.LoggingService        : Initializing inbox cache
2022-12-16 06:17:14.859  INFO 97208 --- [Test worker] com.bloip.services.LoggingService        : Inbox cache initialized


2022-12-16 06:17:14.928  INFO 97208 --- [Test worker] com.bloip.services.LoggingService        : Filter registrations loaded.


2022-12-16 06:17:15.410  INFO 97208 --- [Test worker] com.bloip.services.LoggingService        : Loading comments cache
2022-12-16 06:17:15.417  INFO 97208 --- [Test worker] com.bloip.services.LoggingService        : Comment cache is loaded with 0
2022-12-16 06:17:15.497  INFO 97208 --- [Test worker] com.bloip.services.LoggingService        : Initializing discussion cache
2022-12-16 06:17:15.516  INFO 97208 --- [Test worker] com.bloip.services.LoggingService        : Discussion cache initialized: 0 discussions loaded across and sorted in 0 stacks (1 for each country represented)


2022-12-16 06:17:15.548  INFO 97208 --- [Test worker] com.bloip.services.LoggingService        : Initializing discussion subscription cache
2022-12-16 06:17:15.553  INFO 97208 --- [Test worker] com.bloip.services.LoggingService        : Discussion subscription cache initialized


2022-12-16 06:17:15.577  INFO 97208 --- [Test worker] com.bloip.services.LoggingService        : 
Loading web push notification cache
2022-12-16 06:17:15.583  INFO 97208 --- [Test worker] com.bloip.services.LoggingService        : Loaded 0 web push notification stats.

2022-12-16 06:17:15.604  INFO 97208 --- [Test worker] com.bloip.services.LoggingService        : 
Loading web push subscription cache
2022-12-16 06:17:15.609  INFO 97208 --- [Test worker] com.bloip.services.LoggingService        : Loaded subscriptions for 0 users.

2022-12-16 06:17:15.677  INFO 97208 --- [Test worker] com.bloip.services.LoggingService        : AdminNotifier initializing...
2022-12-16 06:17:15.780  INFO 97208 --- [Test worker] com.bloip.services.LoggingService        : AdminNotifier Service initialized: Remote Services: NO
2022-12-16 06:17:16.217  INFO 97208 --- [Test worker] com.bloip.services.LoggingService        : ConversionRequestProducer initializing
2022-12-16 06:17:16.220  INFO 97208 --- [Test worker] com.bloip.services.LoggingService        : initialized: RemoteServices: NO
2022-12-16 06:17:16.766  INFO 97208 --- [Test worker] com.bloip.services.LoggingService        : AWSMediaConvertProducer initializing...
2022-12-16 06:17:17.599  INFO 97208 --- [Test worker] com.bloip.services.LoggingService        : MediaConvert endpoint url -> https://q25wbt2lc.mediaconvert.us-east-1.amazonaws.com
2022-12-16 06:17:17.601  INFO 97208 --- [Test worker] com.bloip.services.LoggingService        : initialized: RemoteServices: NO
2022-12-16 06:17:17.605  INFO 97208 --- [Test worker] com.bloip.services.LoggingService        : ConversionCompleteConsumer initializing...
2022-12-16 06:17:17.607  INFO 97208 --- [Test worker] com.bloip.services.LoggingService        : initialized: RemoteServices: NO
2022-12-16 06:17:17.613  INFO 97208 --- [Test worker] com.bloip.services.LoggingService        : ConversionRequestConsumer initializing...
2022-12-16 06:17:17.615  INFO 97208 --- [Test worker] com.bloip.services.LoggingService        : initialized: RemoteServices: NO
2022-12-16 06:17:18.205  INFO 97208 --- [Test worker] o.s.s.web.DefaultSecurityFilterChain     : Will secure any request with [org.springframework.security.web.session.DisableEncodeUrlFilter@21a993d4, org.springframework.security.web.context.request.async.WebAsyncManagerIntegrationFilter@708c1263, org.springframework.security.web.context.SecurityContextPersistenceFilter@26ae37ed, org.springframework.security.web.header.HeaderWriterFilter@59919f37, org.springframework.security.web.authentication.logout.LogoutFilter@543fb2cd, org.springframework.security.web.authentication.UsernamePasswordAuthenticationFilter@2870e80f, org.springframework.security.web.savedrequest.RequestCacheAwareFilter@12d26d3a, org.springframework.security.web.servletapi.SecurityContextHolderAwareRequestFilter@451431d2, org.springframework.security.web.authentication.AnonymousAuthenticationFilter@35b2a73e, com.bloip.filters.GlobalFilter@885ac1a, org.springframework.security.web.session.SessionManagementFilter@6eb01d85, org.springframework.security.web.access.ExceptionTranslationFilter@6afe2400, org.springframework.security.web.access.intercept.FilterSecurityInterceptor@385ceb2e]
2022-12-16 06:17:18.336  WARN 97208 --- [Test worker] JpaBaseConfiguration$JpaWebConfiguration : spring.jpa.open-in-view is enabled by default. Therefore, database queries may be performed during view rendering. Explicitly configure spring.jpa.open-in-view to disable this warning
2022-12-16 06:17:19.025  INFO 97208 --- [Test worker] o.s.b.a.w.s.WelcomePageHandlerMapping    : Adding welcome page template: index
2022-12-16 06:17:19.999  INFO 97208 --- [Test worker] o.s.b.w.embedded.tomcat.TomcatWebServer  : Tomcat started on port(s): 8443 (https) with context path ''
2022-12-16 06:17:20.023  INFO 97208 --- [Test worker] c.b.i.UserAccountEndToEndFunctionalTests : Started UserAccountEndToEndFunctionalTests in 28.815 seconds (JVM running for 34.425)
2022-12-16 06:22:23.262  INFO 97208 --- [https-jsse-nio-8443-exec-9] o.a.c.c.C.[Tomcat].[localhost].[/]       : Initializing Spring DispatcherServlet 'dispatcherServlet'
2022-12-16 06:22:23.298  INFO 97208 --- [https-jsse-nio-8443-exec-9] o.s.web.servlet.DispatcherServlet        : Initializing Servlet 'dispatcherServlet'
2022-12-16 06:22:23.301  INFO 97208 --- [https-jsse-nio-8443-exec-9] o.s.web.servlet.DispatcherServlet        : Completed initialization in 2 ms
2022-12-16 06:22:24.609  WARN 97208 --- [https-jsse-nio-8443-exec-9] o.a.c.util.SessionIdGeneratorBase        : Creation of SecureRandom instance for session ID generation using [SHA1PRNG] took [821] milliseconds.
2022-12-16 06:22:24.853  INFO 97208 --- [https-jsse-nio-8443-exec-9] com.bloip.services.LoggingService        : URL: https://localhost:8443/
2022-12-16 06:22:24.870  INFO 97208 --- [https-jsse-nio-8443-exec-9] com.bloip.services.LoggingService        : Cloudfront Country: null
2022-12-16 06:22:26.664  INFO 97208 --- [https-jsse-nio-8443-exec-3] com.bloip.services.LoggingService        : URL: https://localhost:8443/
2022-12-16 06:22:26.664  INFO 97208 --- [https-jsse-nio-8443-exec-3] com.bloip.services.LoggingService        : Cloudfront Country: null
2022-12-16 06:22:29.338  WARN 97208 --- [https-jsse-nio-8443-exec-9] n.n.u.t.e.ExpressionProcessor            : Fragment expression "fragments/base-meta.html :: baseMetaContent" is being wrapped as a Thymeleaf 3 fragment expression (~{...}) for backwards compatibility purposes.  This wrapping will be dropped in the next major version of the expression processor, so please rewrite as a Thymeleaf 3 fragment expression to future-proof your code.  See https://github.com/thymeleaf/thymeleaf/issues/451 for more information.
2022-12-16 06:22:29.338  WARN 97208 --- [https-jsse-nio-8443-exec-3] n.n.u.t.e.ExpressionProcessor            : Fragment expression "fragments/base-meta.html :: baseMetaContent" is being wrapped as a Thymeleaf 3 fragment expression (~{...}) for backwards compatibility purposes.  This wrapping will be dropped in the next major version of the expression processor, so please rewrite as a Thymeleaf 3 fragment expression to future-proof your code.  See https://github.com/thymeleaf/thymeleaf/issues/451 for more information.
2022-12-16 06:22:29.461  WARN 97208 --- [https-jsse-nio-8443-exec-3] n.n.u.t.l.fragments.FragmentProcessor    : You don't need to put the layout:fragment/data-layout-fragment attribute into the <head> section - the decoration process will automatically copy the <head> section of your content templates into your layout page.
2022-12-16 06:22:29.461  WARN 97208 --- [https-jsse-nio-8443-exec-9] n.n.u.t.l.fragments.FragmentProcessor    : You don't need to put the layout:fragment/data-layout-fragment attribute into the <head> section - the decoration process will automatically copy the <head> section of your content templates into your layout page.
2022-12-16 06:23:43.984  INFO 97208 --- [SpringApplicationShutdownHook] j.LocalContainerEntityManagerFactoryBean : Closing JPA EntityManagerFactory for persistence unit 'default'
2022-12-16 06:23:44.045  INFO 97208 --- [SpringApplicationShutdownHook] com.zaxxer.hikari.HikariDataSource       : HikariPool-1 - Shutdown initiated...
2022-12-16 06:23:44.100  INFO 97208 --- [SpringApplicationShutdownHook] com.zaxxer.hikari.HikariDataSource       : HikariPool-1 - Shutdown completed.
2022-12-16 06:24:28.329  WARN 97239 --- [Test worker] ory$DuplicateJsonObjectContextCustomizer : 

Found multiple occurrences of org.json.JSONObject on the class path:

	jar:file:/Users/NtroduceMe/.gradle/caches/modules-2/files-2.1/org.json/json/20220924/5aa95e7688f76c664af205c5937620f02688dfbc/json-20220924.jar!/org/json/JSONObject.class
	jar:file:/Users/NtroduceMe/.gradle/caches/modules-2/files-2.1/com.vaadin.external.google/android-json/0.0.20131108.vaadin1/fa26d351fe62a6a17f5cda1287c1c6110dec413f/android-json-0.0.20131108.vaadin1.jar!/org/json/JSONObject.class

You may wish to exclude one of them to ensure predictable runtime behavior

2022-12-16 06:24:28.448  INFO 97239 --- [Test worker] c.b.i.UserAccountEndToEndFunctionalTests : Starting UserAccountEndToEndFunctionalTests using Java 18.0.1.1 on Usmans-iMac.local with PID 97239 (started by NtroduceMe in /Users/NtroduceMe/Documents/Git/bloip)
2022-12-16 06:24:28.449  INFO 97239 --- [Test worker] c.b.i.UserAccountEndToEndFunctionalTests : No active profile set, falling back to 1 default profile: "default"
2022-12-16 06:24:34.407  INFO 97239 --- [Test worker] .s.d.r.c.RepositoryConfigurationDelegate : Bootstrapping Spring Data JPA repositories in DEFAULT mode.
2022-12-16 06:24:34.556  INFO 97239 --- [Test worker] .s.d.r.c.RepositoryConfigurationDelegate : Finished Spring Data repository scanning in 99 ms. Found 18 JPA repository interfaces.
2022-12-16 06:24:36.451  INFO 97239 --- [Test worker] o.s.b.w.embedded.tomcat.TomcatWebServer  : Tomcat initialized with port(s): 8443 (https)
2022-12-16 06:24:36.467  INFO 97239 --- [Test worker] o.apache.catalina.core.StandardService   : Starting service [Tomcat]
2022-12-16 06:24:36.469  INFO 97239 --- [Test worker] org.apache.catalina.core.StandardEngine  : Starting Servlet engine: [Apache Tomcat/9.0.63]
2022-12-16 06:24:36.761  INFO 97239 --- [Test worker] o.a.c.c.C.[Tomcat].[localhost].[/]       : Initializing Spring embedded WebApplicationContext
2022-12-16 06:24:36.762  INFO 97239 --- [Test worker] w.s.c.ServletWebServerApplicationContext : Root WebApplicationContext: initialization completed in 6587 ms
2022-12-16 06:24:37.227  INFO 97239 --- [Test worker] com.zaxxer.hikari.HikariDataSource       : HikariPool-1 - Starting...
2022-12-16 06:24:37.655  INFO 97239 --- [Test worker] com.zaxxer.hikari.HikariDataSource       : HikariPool-1 - Start completed.
2022-12-16 06:24:38.197  INFO 97239 --- [Test worker] o.hibernate.jpa.internal.util.LogHelper  : HHH000204: Processing PersistenceUnitInfo [name: default]
2022-12-16 06:24:38.383  INFO 97239 --- [Test worker] org.hibernate.Version                    : HHH000412: Hibernate ORM core version 5.6.9.Final
2022-12-16 06:24:38.894  INFO 97239 --- [Test worker] o.hibernate.annotations.common.Version   : HCANN000001: Hibernate Commons Annotations {5.1.2.Final}
2022-12-16 06:24:39.208  INFO 97239 --- [Test worker] org.hibernate.dialect.Dialect            : HHH000400: Using dialect: org.hibernate.dialect.MySQL5InnoDBDialect
2022-12-16 06:24:40.481  INFO 97239 --- [Test worker] o.h.e.t.j.p.i.JtaPlatformInitiator       : HHH000490: Using JtaPlatform implementation: [org.hibernate.engine.transaction.jta.platform.internal.NoJtaPlatform]
2022-12-16 06:24:40.543  INFO 97239 --- [Test worker] j.LocalContainerEntityManagerFactoryBean : Initialized JPA EntityManagerFactory for persistence unit 'default'
2022-12-16 06:24:42.757  INFO 97239 --- [Test worker] com.bloip.services.LoggingService        : Initializing user cache
2022-12-16 06:24:42.871  INFO 97239 --- [Test worker] com.bloip.services.LoggingService        : User cache initialized


2022-12-16 06:24:43.079  INFO 97239 --- [Test worker] com.bloip.services.LoggingService        : Initializing user cookie cache
2022-12-16 06:24:43.159  INFO 97239 --- [Test worker] com.bloip.services.LoggingService        : UserCookie cache initialized


2022-12-16 06:24:43.728  INFO 97239 --- [Test worker] com.bloip.services.LoggingService        : Initialized languages: 7, in English
2022-12-16 06:24:43.739  INFO 97239 --- [Test worker] com.bloip.services.LoggingService        : Initialized languages: 7, in Spanish
2022-12-16 06:24:43.751  INFO 97239 --- [Test worker] com.bloip.services.LoggingService        : Initialized languages: 7, in Portuguese
2022-12-16 06:24:43.763  INFO 97239 --- [Test worker] com.bloip.services.LoggingService        : Initialized languages: 7, in French
2022-12-16 06:24:43.773  INFO 97239 --- [Test worker] com.bloip.services.LoggingService        : Initialized languages: 7, in Russian
2022-12-16 06:24:43.784  INFO 97239 --- [Test worker] com.bloip.services.LoggingService        : Initialized languages: 7, in Italian
2022-12-16 06:24:43.794  INFO 97239 --- [Test worker] com.bloip.services.LoggingService        : Initialized languages: 7, in German
2022-12-16 06:24:49.353  INFO 97239 --- [Test worker] com.bloip.services.LoggingService        : Initializing country service...
2022-12-16 06:24:49.919  INFO 97239 --- [Test worker] com.bloip.services.LoggingService        : Initialized countries: 244, in English
2022-12-16 06:24:50.091  INFO 97239 --- [Test worker] com.bloip.services.LoggingService        : Initialized countries: 244, in Spanish
2022-12-16 06:24:50.226  INFO 97239 --- [Test worker] com.bloip.services.LoggingService        : Initialized countries: 244, in Portuguese
2022-12-16 06:24:50.352  INFO 97239 --- [Test worker] com.bloip.services.LoggingService        : Initialized countries: 244, in French
2022-12-16 06:24:50.457  INFO 97239 --- [Test worker] com.bloip.services.LoggingService        : Initialized countries: 244, in Russian
2022-12-16 06:24:50.570  INFO 97239 --- [Test worker] com.bloip.services.LoggingService        : Initialized countries: 244, in Italian
2022-12-16 06:24:50.708  INFO 97239 --- [Test worker] com.bloip.services.LoggingService        : Initialized countries: 244, in German
2022-12-16 06:24:50.709  INFO 97239 --- [Test worker] com.bloip.services.LoggingService        : CountryService initialized
2022-12-16 06:24:51.874  INFO 97239 --- [Test worker] com.bloip.services.LoggingService        : Initializing inbox cache
2022-12-16 06:24:51.883  INFO 97239 --- [Test worker] com.bloip.services.LoggingService        : Inbox cache initialized


2022-12-16 06:24:51.950  INFO 97239 --- [Test worker] com.bloip.services.LoggingService        : Filter registrations loaded.


2022-12-16 06:24:53.427  INFO 97239 --- [Test worker] com.bloip.services.LoggingService        : Loading comments cache
2022-12-16 06:24:53.434  INFO 97239 --- [Test worker] com.bloip.services.LoggingService        : Comment cache is loaded with 0
2022-12-16 06:24:53.523  INFO 97239 --- [Test worker] com.bloip.services.LoggingService        : Initializing discussion cache
2022-12-16 06:24:53.542  INFO 97239 --- [Test worker] com.bloip.services.LoggingService        : Discussion cache initialized: 0 discussions loaded across and sorted in 0 stacks (1 for each country represented)


2022-12-16 06:24:53.581  INFO 97239 --- [Test worker] com.bloip.services.LoggingService        : Initializing discussion subscription cache
2022-12-16 06:24:53.585  INFO 97239 --- [Test worker] com.bloip.services.LoggingService        : Discussion subscription cache initialized


2022-12-16 06:24:53.609  INFO 97239 --- [Test worker] com.bloip.services.LoggingService        : 
Loading web push notification cache
2022-12-16 06:24:53.614  INFO 97239 --- [Test worker] com.bloip.services.LoggingService        : Loaded 0 web push notification stats.

2022-12-16 06:24:53.636  INFO 97239 --- [Test worker] com.bloip.services.LoggingService        : 
Loading web push subscription cache
2022-12-16 06:24:53.737  INFO 97239 --- [Test worker] com.bloip.services.LoggingService        : Loaded subscriptions for 0 users.

2022-12-16 06:24:53.799  INFO 97239 --- [Test worker] com.bloip.services.LoggingService        : AdminNotifier initializing...
2022-12-16 06:24:54.854  INFO 97239 --- [Test worker] com.bloip.services.LoggingService        : AdminNotifier Service initialized: Remote Services: NO
2022-12-16 06:24:57.232  INFO 97239 --- [Test worker] com.bloip.services.LoggingService        : ConversionRequestProducer initializing
2022-12-16 06:24:57.235  INFO 97239 --- [Test worker] com.bloip.services.LoggingService        : initialized: RemoteServices: NO
2022-12-16 06:24:58.865  INFO 97239 --- [Test worker] com.bloip.services.LoggingService        : AWSMediaConvertProducer initializing...
2022-12-16 06:25:02.709  INFO 97239 --- [Test worker] com.bloip.services.LoggingService        : MediaConvert endpoint url -> https://q25wbt2lc.mediaconvert.us-east-1.amazonaws.com
2022-12-16 06:25:02.807  INFO 97239 --- [Test worker] com.bloip.services.LoggingService        : initialized: RemoteServices: NO
2022-12-16 06:25:02.811  INFO 97239 --- [Test worker] com.bloip.services.LoggingService        : ConversionCompleteConsumer initializing...
2022-12-16 06:25:02.814  INFO 97239 --- [Test worker] com.bloip.services.LoggingService        : initialized: RemoteServices: NO
2022-12-16 06:25:02.820  INFO 97239 --- [Test worker] com.bloip.services.LoggingService        : ConversionRequestConsumer initializing...
2022-12-16 06:25:02.824  INFO 97239 --- [Test worker] com.bloip.services.LoggingService        : initialized: RemoteServices: NO
2022-12-16 06:25:05.443  INFO 97239 --- [Test worker] o.s.s.web.DefaultSecurityFilterChain     : Will secure any request with [org.springframework.security.web.session.DisableEncodeUrlFilter@30dc642d, org.springframework.security.web.context.request.async.WebAsyncManagerIntegrationFilter@339e1787, org.springframework.security.web.context.SecurityContextPersistenceFilter@3de1ec44, org.springframework.security.web.header.HeaderWriterFilter@72ed4e67, org.springframework.security.web.authentication.logout.LogoutFilter@485461b7, org.springframework.security.web.authentication.UsernamePasswordAuthenticationFilter@2faaec43, org.springframework.security.web.savedrequest.RequestCacheAwareFilter@de44b10, org.springframework.security.web.servletapi.SecurityContextHolderAwareRequestFilter@3f550524, org.springframework.security.web.authentication.AnonymousAuthenticationFilter@4e3c572e, com.bloip.filters.GlobalFilter@4c2b537d, org.springframework.security.web.session.SessionManagementFilter@7766f1c1, org.springframework.security.web.access.ExceptionTranslationFilter@6972418c, org.springframework.security.web.access.intercept.FilterSecurityInterceptor@7edba571]
2022-12-16 06:25:05.834  WARN 97239 --- [Test worker] JpaBaseConfiguration$JpaWebConfiguration : spring.jpa.open-in-view is enabled by default. Therefore, database queries may be performed during view rendering. Explicitly configure spring.jpa.open-in-view to disable this warning
2022-12-16 06:25:09.452  INFO 97239 --- [Test worker] o.s.b.a.w.s.WelcomePageHandlerMapping    : Adding welcome page template: index
2022-12-16 06:25:13.776  INFO 97239 --- [Test worker] o.s.b.w.embedded.tomcat.TomcatWebServer  : Tomcat started on port(s): 8443 (https) with context path ''
2022-12-16 06:25:13.822  INFO 97239 --- [Test worker] c.b.i.UserAccountEndToEndFunctionalTests : Started UserAccountEndToEndFunctionalTests in 51.875 seconds (JVM running for 59.506)
2022-12-16 06:25:18.980  INFO 97239 --- [https-jsse-nio-8443-exec-6] o.a.c.c.C.[Tomcat].[localhost].[/]       : Initializing Spring DispatcherServlet 'dispatcherServlet'
2022-12-16 06:25:19.006  INFO 97239 --- [https-jsse-nio-8443-exec-6] o.s.web.servlet.DispatcherServlet        : Initializing Servlet 'dispatcherServlet'
2022-12-16 06:25:19.008  INFO 97239 --- [https-jsse-nio-8443-exec-6] o.s.web.servlet.DispatcherServlet        : Completed initialization in 2 ms
2022-12-16 06:25:19.626  WARN 97239 --- [https-jsse-nio-8443-exec-6] o.a.c.util.SessionIdGeneratorBase        : Creation of SecureRandom instance for session ID generation using [SHA1PRNG] took [568] milliseconds.
2022-12-16 06:25:19.786  INFO 97239 --- [https-jsse-nio-8443-exec-6] com.bloip.services.LoggingService        : URL: https://localhost:8443/bloip-login
2022-12-16 06:25:19.803  INFO 97239 --- [https-jsse-nio-8443-exec-6] com.bloip.services.LoggingService        : Cloudfront Country: null
2022-12-16 06:25:21.884  WARN 97239 --- [https-jsse-nio-8443-exec-6] n.n.u.t.e.ExpressionProcessor            : Fragment expression "fragments/base-meta.html :: baseMetaContent" is being wrapped as a Thymeleaf 3 fragment expression (~{...}) for backwards compatibility purposes.  This wrapping will be dropped in the next major version of the expression processor, so please rewrite as a Thymeleaf 3 fragment expression to future-proof your code.  See https://github.com/thymeleaf/thymeleaf/issues/451 for more information.
2022-12-16 06:25:22.037  WARN 97239 --- [https-jsse-nio-8443-exec-6] n.n.u.t.l.fragments.FragmentProcessor    : You don't need to put the layout:fragment/data-layout-fragment attribute into the <head> section - the decoration process will automatically copy the <head> section of your content templates into your layout page.
2022-12-16 06:25:25.964  INFO 97239 --- [https-jsse-nio-8443-exec-7] com.bloip.services.LoggingService        : URL: https://localhost:8443/bloip-signup
2022-12-16 06:25:25.965  INFO 97239 --- [https-jsse-nio-8443-exec-7] com.bloip.services.LoggingService        : Cloudfront Country: null
2022-12-16 06:25:26.360  INFO 97239 --- [Test worker] c.g.htmlunit.html.HtmlForm               : Form validation failed; element 'HtmlEmailInput[<input id="email1" type="email" name="email" placeholder="Email address" required="" value="garbage">]' was not valid. Submit cancelled.
2022-12-16 06:25:26.379  WARN 97239 --- [Test worker] c.g.htmlunit.javascript.host.Window      : window.alert("The email addresses you entered do not match") no alert handler installed
2022-12-16 06:25:26.380  INFO 97239 --- [Test worker] c.g.htmlunit.html.HtmlForm               : Form validation failed; element 'HtmlCheckBoxInput[<input id="adult-checkbox" type="checkbox" name="adult" required="" value="on">]' was not valid. Submit cancelled.
2022-12-16 06:25:26.526  INFO 97239 --- [https-jsse-nio-8443-exec-8] com.bloip.services.LoggingService        : URL: https://localhost:8443/account-confirmation-email
2022-12-16 06:25:27.794  INFO 97239 --- [https-jsse-nio-8443-exec-8] com.bloip.services.LoggingService        : Cloudfront Country: null
2022-12-16 06:25:28.446  INFO 97239 --- [https-jsse-nio-8443-exec-9] com.bloip.services.LoggingService        : URL: https://localhost:8443/bloip-signup
2022-12-16 06:25:28.447  INFO 97239 --- [https-jsse-nio-8443-exec-9] com.bloip.services.LoggingService        : Cloudfront Country: null
2022-12-16 06:25:28.570  INFO 97239 --- [https-jsse-nio-8443-exec-10] com.bloip.services.LoggingService        : URL: https://localhost:8443/account-confirmation-email
2022-12-16 06:25:28.571  INFO 97239 --- [https-jsse-nio-8443-exec-10] com.bloip.services.LoggingService        : Cloudfront Country: null
2022-12-16 06:25:28.643  INFO 97239 --- [https-jsse-nio-8443-exec-1] com.bloip.services.LoggingService        : URL: https://localhost:8443/bloip-signup
2022-12-16 06:25:28.644  INFO 97239 --- [https-jsse-nio-8443-exec-1] com.bloip.services.LoggingService        : Cloudfront Country: null
2022-12-16 06:25:31.846  INFO 97239 --- [https-jsse-nio-8443-exec-2] com.bloip.services.LoggingService        : URL: https://localhost:8443/complete-signup
2022-12-16 06:25:31.846  INFO 97239 --- [https-jsse-nio-8443-exec-2] com.bloip.services.LoggingService        : Cloudfront Country: null
2022-12-16 06:25:31.975  INFO 97239 --- [Test worker] c.g.htmlunit.html.DefaultElementFactory  : Bad input type: "type", creating a text input
2022-12-16 06:25:31.978  INFO 97239 --- [Test worker] c.g.htmlunit.html.HtmlForm               : Form validation failed; element 'HtmlPasswordInput[<input id="password" type="password" minlength="8" maxlength="20" name="password" placeholder="Password" required="" value="XXXX">]' was not valid. Submit cancelled.
2022-12-16 06:25:31.987  INFO 97239 --- [https-jsse-nio-8443-exec-3] com.bloip.services.LoggingService        : URL: https://localhost:8443/complete-signup
2022-12-16 06:25:31.988  INFO 97239 --- [https-jsse-nio-8443-exec-3] com.bloip.services.LoggingService        : Cloudfront Country: null
2022-12-16 06:25:32.367  INFO 97239 --- [https-jsse-nio-8443-exec-4] com.bloip.services.LoggingService        : URL: https://localhost:8443/complete-signup
2022-12-16 06:25:32.367  INFO 97239 --- [https-jsse-nio-8443-exec-4] com.bloip.services.LoggingService        : Cloudfront Country: null
2022-12-16 06:25:32.374  INFO 97239 --- [https-jsse-nio-8443-exec-5] com.bloip.services.LoggingService        : URL: https://localhost:8443/complete-signup
2022-12-16 06:25:32.375  INFO 97239 --- [https-jsse-nio-8443-exec-5] com.bloip.services.LoggingService        : Cloudfront Country: null
2022-12-16 06:25:32.477  INFO 97239 --- [https-jsse-nio-8443-exec-7] com.bloip.services.LoggingService        : URL: https://localhost:8443/bloip-login
2022-12-16 06:25:32.478  INFO 97239 --- [https-jsse-nio-8443-exec-7] com.bloip.services.LoggingService        : Cloudfront Country: null
2022-12-16 06:25:32.745  INFO 97239 --- [https-jsse-nio-8443-exec-9] com.bloip.services.LoggingService        : URL: https://localhost:8443/bloip-login
2022-12-16 06:25:32.746  INFO 97239 --- [https-jsse-nio-8443-exec-9] com.bloip.services.LoggingService        : Cloudfront Country: null
2022-12-16 06:25:33.038  INFO 97239 --- [https-jsse-nio-8443-exec-1] com.bloip.services.LoggingService        : URL: https://localhost:8443/bloip-settings
2022-12-16 06:25:33.039  INFO 97239 --- [https-jsse-nio-8443-exec-1] com.bloip.services.LoggingService        : Cloudfront Country: null
2022-12-16 06:25:33.154  INFO 97239 --- [https-jsse-nio-8443-exec-2] com.bloip.services.LoggingService        : URL: https://localhost:8443/bloip-logout
2022-12-16 06:25:33.155  INFO 97239 --- [https-jsse-nio-8443-exec-2] com.bloip.services.LoggingService        : Cloudfront Country: null
2022-12-16 06:25:33.176  INFO 97239 --- [https-jsse-nio-8443-exec-4] com.bloip.services.LoggingService        : URL: https://localhost:8443/bloip-login
2022-12-16 06:25:33.176  INFO 97239 --- [https-jsse-nio-8443-exec-4] com.bloip.services.LoggingService        : Cloudfront Country: null
2022-12-16 06:25:33.248  INFO 97239 --- [https-jsse-nio-8443-exec-6] com.bloip.services.LoggingService        : URL: https://localhost:8443/bloip-login
2022-12-16 06:25:33.249  INFO 97239 --- [https-jsse-nio-8443-exec-6] com.bloip.services.LoggingService        : Cloudfront Country: null
2022-12-16 06:25:33.318  INFO 97239 --- [https-jsse-nio-8443-exec-7] com.bloip.services.LoggingService        : URL: https://localhost:8443/bloip-login
2022-12-16 06:25:33.318  INFO 97239 --- [https-jsse-nio-8443-exec-7] com.bloip.services.LoggingService        : Cloudfront Country: null
2022-12-16 06:25:33.396  INFO 97239 --- [https-jsse-nio-8443-exec-8] com.bloip.services.LoggingService        : URL: https://localhost:8443/bloip-forgot-my-password
2022-12-16 06:25:33.396  INFO 97239 --- [https-jsse-nio-8443-exec-8] com.bloip.services.LoggingService        : Cloudfront Country: null
2022-12-16 06:25:33.459  INFO 97239 --- [https-jsse-nio-8443-exec-9] com.bloip.services.LoggingService        : URL: https://localhost:8443/bloip-forgot-my-password
2022-12-16 06:25:33.499  INFO 97239 --- [https-jsse-nio-8443-exec-9] com.bloip.services.LoggingService        : Cloudfront Country: null
2022-12-16 06:25:33.506  INFO 97239 --- [https-jsse-nio-8443-exec-10] com.bloip.services.LoggingService        : URL: https://localhost:8443/bloip-forgot-my-password
2022-12-16 06:25:33.506  INFO 97239 --- [https-jsse-nio-8443-exec-10] com.bloip.services.LoggingService        : Cloudfront Country: null
2022-12-16 06:25:33.557  INFO 97239 --- [https-jsse-nio-8443-exec-1] com.bloip.services.LoggingService        : URL: https://localhost:8443/bloip-forgot-my-password
2022-12-16 06:25:33.558  INFO 97239 --- [https-jsse-nio-8443-exec-1] com.bloip.services.LoggingService        : Cloudfront Country: null
2022-12-16 06:25:33.566  INFO 97239 --- [https-jsse-nio-8443-exec-2] com.bloip.services.LoggingService        : URL: https://localhost:8443/bloip-forgot-my-password
2022-12-16 06:25:33.567  INFO 97239 --- [https-jsse-nio-8443-exec-2] com.bloip.services.LoggingService        : Cloudfront Country: null
2022-12-16 06:25:34.997  INFO 97239 --- [https-jsse-nio-8443-exec-3] com.bloip.services.LoggingService        : URL: https://localhost:8443/bloip-reset-my-password
2022-12-16 06:25:34.998  INFO 97239 --- [https-jsse-nio-8443-exec-3] com.bloip.services.LoggingService        : Cloudfront Country: null
2022-12-16 06:25:35.049  INFO 97239 --- [Test worker] c.g.htmlunit.html.HtmlForm               : Form validation failed; element 'HtmlPasswordInput[<input id="password" type="password" name="password" minlength="8" maxlength="20" placeholder="Enter new password" required="" value="XX">]' was not valid. Submit cancelled.
2022-12-16 06:25:35.052  INFO 97239 --- [https-jsse-nio-8443-exec-4] com.bloip.services.LoggingService        : URL: https://localhost:8443/bloip-reset-my-password
2022-12-16 06:25:35.052  INFO 97239 --- [https-jsse-nio-8443-exec-4] com.bloip.services.LoggingService        : Cloudfront Country: null
2022-12-16 06:25:35.183  INFO 97239 --- [https-jsse-nio-8443-exec-5] com.bloip.services.LoggingService        : URL: https://localhost:8443/bloip-login
2022-12-16 06:25:35.184  INFO 97239 --- [https-jsse-nio-8443-exec-5] com.bloip.services.LoggingService        : Cloudfront Country: null
2022-12-16 06:25:35.370  INFO 97239 --- [https-jsse-nio-8443-exec-7] com.bloip.services.LoggingService        : URL: https://localhost:8443/bloip-settings
2022-12-16 06:25:35.370  INFO 97239 --- [https-jsse-nio-8443-exec-7] com.bloip.services.LoggingService        : Cloudfront Country: null
2022-12-16 06:25:35.437  INFO 97239 --- [https-jsse-nio-8443-exec-8] com.bloip.services.LoggingService        : URL: https://localhost:8443/bloip-reset-my-password
2022-12-16 06:25:35.437  INFO 97239 --- [https-jsse-nio-8443-exec-8] com.bloip.services.LoggingService        : Cloudfront Country: null
2022-12-16 06:25:35.502  INFO 97239 --- [https-jsse-nio-8443-exec-9] com.bloip.services.LoggingService        : URL: https://localhost:8443/bloip-settings
2022-12-16 06:25:35.502  INFO 97239 --- [https-jsse-nio-8443-exec-9] com.bloip.services.LoggingService        : Cloudfront Country: null
2022-12-16 06:25:35.550  INFO 97239 --- [https-jsse-nio-8443-exec-10] com.bloip.services.LoggingService        : URL: https://localhost:8443/bloip-settings/email
2022-12-16 06:25:35.551  INFO 97239 --- [https-jsse-nio-8443-exec-10] com.bloip.services.LoggingService        : Cloudfront Country: null
2022-12-16 06:25:35.669  INFO 97239 --- [https-jsse-nio-8443-exec-1] com.bloip.services.LoggingService        : URL: https://localhost:8443/bloip-settings/email
2022-12-16 06:25:35.669  INFO 97239 --- [https-jsse-nio-8443-exec-1] com.bloip.services.LoggingService        : Cloudfront Country: null
2022-12-16 06:25:35.677  INFO 97239 --- [https-jsse-nio-8443-exec-2] com.bloip.services.LoggingService        : URL: https://localhost:8443/bloip-settings/email
2022-12-16 06:25:35.677  INFO 97239 --- [https-jsse-nio-8443-exec-2] com.bloip.services.LoggingService        : Cloudfront Country: null
2022-12-16 06:25:36.923  INFO 97239 --- [https-jsse-nio-8443-exec-3] com.bloip.services.LoggingService        : URL: https://localhost:8443/bloip-settings/email
2022-12-16 06:25:36.923  INFO 97239 --- [https-jsse-nio-8443-exec-3] com.bloip.services.LoggingService        : Cloudfront Country: null
2022-12-16 06:25:36.934  INFO 97239 --- [https-jsse-nio-8443-exec-4] com.bloip.services.LoggingService        : URL: https://localhost:8443/bloip-settings/email
2022-12-16 06:25:36.935  INFO 97239 --- [https-jsse-nio-8443-exec-4] com.bloip.services.LoggingService        : Cloudfront Country: null
2022-12-16 06:25:38.205  INFO 97239 --- [https-jsse-nio-8443-exec-5] com.bloip.services.LoggingService        : URL: https://localhost:8443/bloip-reset-my-email
2022-12-16 06:25:38.206  INFO 97239 --- [https-jsse-nio-8443-exec-5] com.bloip.services.LoggingService        : Cloudfront Country: null
2022-12-16 06:25:38.370  INFO 97239 --- [https-jsse-nio-8443-exec-6] com.bloip.services.LoggingService        : URL: https://localhost:8443/bloip-reset-my-email
2022-12-16 06:25:38.370  INFO 97239 --- [https-jsse-nio-8443-exec-6] com.bloip.services.LoggingService        : Cloudfront Country: null
2022-12-16 06:25:38.442  INFO 97239 --- [https-jsse-nio-8443-exec-7] com.bloip.services.LoggingService        : URL: https://localhost:8443/bloip-settings
2022-12-16 06:25:38.443  INFO 97239 --- [https-jsse-nio-8443-exec-7] com.bloip.services.LoggingService        : Cloudfront Country: null
2022-12-16 06:25:38.480  INFO 97239 --- [https-jsse-nio-8443-exec-8] com.bloip.services.LoggingService        : URL: https://localhost:8443/bloip-settings/notifications
2022-12-16 06:25:38.481  INFO 97239 --- [https-jsse-nio-8443-exec-8] com.bloip.services.LoggingService        : Cloudfront Country: null
2022-12-16 06:25:38.529  INFO 97239 --- [https-jsse-nio-8443-exec-9] com.bloip.services.LoggingService        : URL: https://localhost:8443/bloip-settings/notifications
2022-12-16 06:25:38.530  INFO 97239 --- [https-jsse-nio-8443-exec-9] com.bloip.services.LoggingService        : Cloudfront Country: null
2022-12-16 06:25:38.543  INFO 97239 --- [https-jsse-nio-8443-exec-10] com.bloip.services.LoggingService        : URL: https://localhost:8443/bloip-settings/notifications
2022-12-16 06:25:38.543  INFO 97239 --- [https-jsse-nio-8443-exec-10] com.bloip.services.LoggingService        : Cloudfront Country: null
2022-12-16 06:25:38.580  INFO 97239 --- [https-jsse-nio-8443-exec-1] com.bloip.services.LoggingService        : URL: https://localhost:8443/bloip-settings/notifications
2022-12-16 06:25:38.581  INFO 97239 --- [https-jsse-nio-8443-exec-1] com.bloip.services.LoggingService        : Cloudfront Country: null
2022-12-16 06:25:38.593  INFO 97239 --- [https-jsse-nio-8443-exec-2] com.bloip.services.LoggingService        : URL: https://localhost:8443/bloip-settings/notifications
2022-12-16 06:25:38.594  INFO 97239 --- [https-jsse-nio-8443-exec-2] com.bloip.services.LoggingService        : Cloudfront Country: null
2022-12-16 06:25:38.633  INFO 97239 --- [https-jsse-nio-8443-exec-3] com.bloip.services.LoggingService        : URL: https://localhost:8443/bloip-settings
2022-12-16 06:25:38.633  INFO 97239 --- [https-jsse-nio-8443-exec-3] com.bloip.services.LoggingService        : Cloudfront Country: null
2022-12-16 06:25:38.674  INFO 97239 --- [https-jsse-nio-8443-exec-4] com.bloip.services.LoggingService        : URL: https://localhost:8443/bloip-settings/confirm-account-deletion
2022-12-16 06:25:38.675  INFO 97239 --- [https-jsse-nio-8443-exec-4] com.bloip.services.LoggingService        : Cloudfront Country: null
2022-12-16 06:25:38.735  INFO 97239 --- [https-jsse-nio-8443-exec-5] com.bloip.services.LoggingService        : URL: https://localhost:8443/bloip-settings/delete-my-account
2022-12-16 06:25:38.736  INFO 97239 --- [https-jsse-nio-8443-exec-5] com.bloip.services.LoggingService        : Cloudfront Country: null
2022-12-16 06:25:38.780  INFO 97239 --- [https-jsse-nio-8443-exec-6] com.bloip.services.LoggingService        : URL: https://localhost:8443/bloip-settings/delete-my-account
2022-12-16 06:25:38.780  INFO 97239 --- [https-jsse-nio-8443-exec-6] com.bloip.services.LoggingService        : Cloudfront Country: null
2022-12-16 06:25:38.861  INFO 97239 --- [https-jsse-nio-8443-exec-7] com.bloip.services.LoggingService        : URL: https://localhost:8443/bloip-logout
2022-12-16 06:25:38.861  INFO 97239 --- [https-jsse-nio-8443-exec-7] com.bloip.services.LoggingService        : Cloudfront Country: null
2022-12-16 06:25:38.869  INFO 97239 --- [https-jsse-nio-8443-exec-9] com.bloip.services.LoggingService        : URL: https://localhost:8443/bloip-login
2022-12-16 06:25:38.870  INFO 97239 --- [https-jsse-nio-8443-exec-9] com.bloip.services.LoggingService        : Cloudfront Country: null
2022-12-16 06:25:39.010  INFO 97239 --- [https-jsse-nio-8443-exec-1] com.bloip.services.LoggingService        : URL: https://localhost:8443/bloip-login
2022-12-16 06:25:39.010  INFO 97239 --- [https-jsse-nio-8443-exec-1] com.bloip.services.LoggingService        : Cloudfront Country: null
2022-12-16 06:25:39.150  INFO 97239 --- [SpringApplicationShutdownHook] j.LocalContainerEntityManagerFactoryBean : Closing JPA EntityManagerFactory for persistence unit 'default'
2022-12-16 06:25:39.172  INFO 97239 --- [SpringApplicationShutdownHook] com.zaxxer.hikari.HikariDataSource       : HikariPool-1 - Shutdown initiated...
2022-12-16 06:25:39.193  INFO 97239 --- [SpringApplicationShutdownHook] com.zaxxer.hikari.HikariDataSource       : HikariPool-1 - Shutdown completed.
2022-12-16 06:32:07.078  WARN 97261 --- [Test worker] ory$DuplicateJsonObjectContextCustomizer : 

Found multiple occurrences of org.json.JSONObject on the class path:

	jar:file:/Users/NtroduceMe/.gradle/caches/modules-2/files-2.1/org.json/json/20220924/5aa95e7688f76c664af205c5937620f02688dfbc/json-20220924.jar!/org/json/JSONObject.class
	jar:file:/Users/NtroduceMe/.gradle/caches/modules-2/files-2.1/com.vaadin.external.google/android-json/0.0.20131108.vaadin1/fa26d351fe62a6a17f5cda1287c1c6110dec413f/android-json-0.0.20131108.vaadin1.jar!/org/json/JSONObject.class

You may wish to exclude one of them to ensure predictable runtime behavior

2022-12-16 06:32:07.148  INFO 97261 --- [Test worker] com.bloip.BloipApplicationTests          : Starting BloipApplicationTests using Java 18.0.1.1 on Usmans-iMac.local with PID 97261 (started by NtroduceMe in /Users/NtroduceMe/Documents/Git/bloip)
2022-12-16 06:32:07.149  INFO 97261 --- [Test worker] com.bloip.BloipApplicationTests          : No active profile set, falling back to 1 default profile: "default"
2022-12-16 06:32:12.861  INFO 97261 --- [Test worker] .s.d.r.c.RepositoryConfigurationDelegate : Bootstrapping Spring Data JPA repositories in DEFAULT mode.
2022-12-16 06:32:12.992  INFO 97261 --- [Test worker] .s.d.r.c.RepositoryConfigurationDelegate : Finished Spring Data repository scanning in 96 ms. Found 18 JPA repository interfaces.
2022-12-16 06:32:14.639  INFO 97261 --- [Test worker] com.zaxxer.hikari.HikariDataSource       : HikariPool-1 - Starting...
2022-12-16 06:32:15.186  INFO 97261 --- [Test worker] com.zaxxer.hikari.HikariDataSource       : HikariPool-1 - Start completed.
2022-12-16 06:32:15.750  INFO 97261 --- [Test worker] o.hibernate.jpa.internal.util.LogHelper  : HHH000204: Processing PersistenceUnitInfo [name: default]
2022-12-16 06:32:16.070  INFO 97261 --- [Test worker] org.hibernate.Version                    : HHH000412: Hibernate ORM core version 5.6.9.Final
2022-12-16 06:32:16.647  INFO 97261 --- [Test worker] o.hibernate.annotations.common.Version   : HCANN000001: Hibernate Commons Annotations {5.1.2.Final}
2022-12-16 06:32:17.595  INFO 97261 --- [Test worker] org.hibernate.dialect.Dialect            : HHH000400: Using dialect: org.hibernate.dialect.MySQL5InnoDBDialect
2022-12-16 06:32:19.278  INFO 97261 --- [Test worker] o.h.e.t.j.p.i.JtaPlatformInitiator       : HHH000490: Using JtaPlatform implementation: [org.hibernate.engine.transaction.jta.platform.internal.NoJtaPlatform]
2022-12-16 06:32:19.343  INFO 97261 --- [Test worker] j.LocalContainerEntityManagerFactoryBean : Initialized JPA EntityManagerFactory for persistence unit 'default'
2022-12-16 06:32:20.416  INFO 97261 --- [Test worker] com.bloip.services.LoggingService        : Loading comments cache
2022-12-16 06:32:21.170  INFO 97261 --- [Test worker] com.bloip.services.LoggingService        : Comment cache is loaded with 0
2022-12-16 06:32:21.527  INFO 97261 --- [Test worker] com.bloip.services.LoggingService        : Initializing discussion cache
2022-12-16 06:32:21.572  INFO 97261 --- [Test worker] com.bloip.services.LoggingService        : Discussion cache initialized: 0 discussions loaded across and sorted in 0 stacks (1 for each country represented)


2022-12-16 06:32:21.700  INFO 97261 --- [Test worker] com.bloip.services.LoggingService        : Initializing discussion subscription cache
2022-12-16 06:32:21.707  INFO 97261 --- [Test worker] com.bloip.services.LoggingService        : Discussion subscription cache initialized


2022-12-16 06:32:21.747  INFO 97261 --- [Test worker] com.bloip.services.LoggingService        : Initializing inbox cache
2022-12-16 06:32:21.753  INFO 97261 --- [Test worker] com.bloip.services.LoggingService        : Inbox cache initialized


2022-12-16 06:32:21.817  INFO 97261 --- [Test worker] com.bloip.services.LoggingService        : Initializing user cache
2022-12-16 06:32:21.970  INFO 97261 --- [Test worker] com.bloip.services.LoggingService        : User cache initialized


2022-12-16 06:32:22.005  INFO 97261 --- [Test worker] com.bloip.services.LoggingService        : Initializing user cookie cache
2022-12-16 06:32:22.020  INFO 97261 --- [Test worker] com.bloip.services.LoggingService        : UserCookie cache initialized


2022-12-16 06:32:22.046  INFO 97261 --- [Test worker] com.bloip.services.LoggingService        : 
Loading web push notification cache
2022-12-16 06:32:22.052  INFO 97261 --- [Test worker] com.bloip.services.LoggingService        : Loaded 0 web push notification stats.

2022-12-16 06:32:22.077  INFO 97261 --- [Test worker] com.bloip.services.LoggingService        : 
Loading web push subscription cache
2022-12-16 06:32:22.083  INFO 97261 --- [Test worker] com.bloip.services.LoggingService        : Loaded subscriptions for 0 users.

2022-12-16 06:32:22.685  INFO 97261 --- [Test worker] com.bloip.services.LoggingService        : Initialized languages: 7, in English
2022-12-16 06:32:22.697  INFO 97261 --- [Test worker] com.bloip.services.LoggingService        : Initialized languages: 7, in Spanish
2022-12-16 06:32:22.706  INFO 97261 --- [Test worker] com.bloip.services.LoggingService        : Initialized languages: 7, in Portuguese
2022-12-16 06:32:22.716  INFO 97261 --- [Test worker] com.bloip.services.LoggingService        : Initialized languages: 7, in French
2022-12-16 06:32:22.725  INFO 97261 --- [Test worker] com.bloip.services.LoggingService        : Initialized languages: 7, in Russian
2022-12-16 06:32:22.736  INFO 97261 --- [Test worker] com.bloip.services.LoggingService        : Initialized languages: 7, in Italian
2022-12-16 06:32:22.745  INFO 97261 --- [Test worker] com.bloip.services.LoggingService        : Initialized languages: 7, in German
2022-12-16 06:32:23.714  INFO 97261 --- [Test worker] com.bloip.services.LoggingService        : Initializing country service...
2022-12-16 06:32:24.005  INFO 97261 --- [Test worker] com.bloip.services.LoggingService        : Initialized countries: 244, in English
2022-12-16 06:32:24.173  INFO 97261 --- [Test worker] com.bloip.services.LoggingService        : Initialized countries: 244, in Spanish
2022-12-16 06:32:24.332  INFO 97261 --- [Test worker] com.bloip.services.LoggingService        : Initialized countries: 244, in Portuguese
2022-12-16 06:32:24.471  INFO 97261 --- [Test worker] com.bloip.services.LoggingService        : Initialized countries: 244, in French
2022-12-16 06:32:24.586  INFO 97261 --- [Test worker] com.bloip.services.LoggingService        : Initialized countries: 244, in Russian
2022-12-16 06:32:24.691  INFO 97261 --- [Test worker] com.bloip.services.LoggingService        : Initialized countries: 244, in Italian
2022-12-16 06:32:24.787  INFO 97261 --- [Test worker] com.bloip.services.LoggingService        : Initialized countries: 244, in German
2022-12-16 06:32:24.788  INFO 97261 --- [Test worker] com.bloip.services.LoggingService        : CountryService initialized
2022-12-16 06:32:25.806  INFO 97261 --- [Test worker] com.bloip.services.LoggingService        : Filter registrations loaded.


2022-12-16 06:32:25.853  INFO 97261 --- [Test worker] com.bloip.services.LoggingService        : AdminNotifier initializing...
2022-12-16 06:32:25.971  INFO 97261 --- [Test worker] com.bloip.services.LoggingService        : AdminNotifier Service initialized: Remote Services: NO
2022-12-16 06:32:26.458  INFO 97261 --- [Test worker] com.bloip.services.LoggingService        : ConversionRequestProducer initializing
2022-12-16 06:32:26.461  INFO 97261 --- [Test worker] com.bloip.services.LoggingService        : initialized: RemoteServices: NO
2022-12-16 06:32:26.941  INFO 97261 --- [Test worker] com.bloip.services.LoggingService        : AWSMediaConvertProducer initializing...
2022-12-16 06:32:27.750  INFO 97261 --- [Test worker] com.bloip.services.LoggingService        : MediaConvert endpoint url -> https://q25wbt2lc.mediaconvert.us-east-1.amazonaws.com
2022-12-16 06:32:27.752  INFO 97261 --- [Test worker] com.bloip.services.LoggingService        : initialized: RemoteServices: NO
2022-12-16 06:32:27.756  INFO 97261 --- [Test worker] com.bloip.services.LoggingService        : ConversionCompleteConsumer initializing...
2022-12-16 06:32:27.758  INFO 97261 --- [Test worker] com.bloip.services.LoggingService        : initialized: RemoteServices: NO
2022-12-16 06:32:27.763  INFO 97261 --- [Test worker] com.bloip.services.LoggingService        : ConversionRequestConsumer initializing...
2022-12-16 06:32:27.766  INFO 97261 --- [Test worker] com.bloip.services.LoggingService        : initialized: RemoteServices: NO
2022-12-16 06:32:28.528  INFO 97261 --- [Test worker] o.s.s.web.DefaultSecurityFilterChain     : Will secure any request with [org.springframework.security.web.session.DisableEncodeUrlFilter@16c44a77, org.springframework.security.web.context.request.async.WebAsyncManagerIntegrationFilter@7ee0a60a, org.springframework.security.web.context.SecurityContextPersistenceFilter@3689931e, org.springframework.security.web.header.HeaderWriterFilter@4b894754, org.springframework.security.web.authentication.logout.LogoutFilter@42b4d8f7, org.springframework.security.web.authentication.UsernamePasswordAuthenticationFilter@1ed7e040, org.springframework.security.web.savedrequest.RequestCacheAwareFilter@66837d7b, org.springframework.security.web.servletapi.SecurityContextHolderAwareRequestFilter@1ce803d6, org.springframework.security.web.authentication.AnonymousAuthenticationFilter@19e578e9, com.bloip.filters.GlobalFilter@6d2d7a55, org.springframework.security.web.session.SessionManagementFilter@2afac2f7, org.springframework.security.web.access.ExceptionTranslationFilter@f7269a2, org.springframework.security.web.access.intercept.FilterSecurityInterceptor@57a0f6a2]
2022-12-16 06:32:28.999  WARN 97261 --- [Test worker] JpaBaseConfiguration$JpaWebConfiguration : spring.jpa.open-in-view is enabled by default. Therefore, database queries may be performed during view rendering. Explicitly configure spring.jpa.open-in-view to disable this warning
2022-12-16 06:32:29.776  INFO 97261 --- [Test worker] o.s.b.a.w.s.WelcomePageHandlerMapping    : Adding welcome page template: index
2022-12-16 06:32:30.442  INFO 97261 --- [Test worker] com.bloip.BloipApplicationTests          : Started BloipApplicationTests in 29.197 seconds (JVM running for 36.66)
2022-12-16 06:32:31.561  INFO 97261 --- [Test worker] .b.t.c.SpringBootTestContextBootstrapper : Neither @ContextConfiguration nor @ContextHierarchy found for test class [com.bloip.integration.CommentInteractionFlowsTest], using SpringBootContextLoader
2022-12-16 06:32:31.562  INFO 97261 --- [Test worker] o.s.t.c.support.AbstractContextLoader    : Could not detect default resource locations for test class [com.bloip.integration.CommentInteractionFlowsTest]: no resource found for suffixes {-context.xml, Context.groovy}.
2022-12-16 06:32:31.562  INFO 97261 --- [Test worker] t.c.s.AnnotationConfigContextLoaderUtils : Could not detect default configuration classes for test class [com.bloip.integration.CommentInteractionFlowsTest]: CommentInteractionFlowsTest does not declare any static, non-private, non-final, nested classes annotated with @Configuration.
2022-12-16 06:32:31.597  INFO 97261 --- [Test worker] .b.t.c.SpringBootTestContextBootstrapper : Found @SpringBootConfiguration com.bloip.BloipApplication for test class com.bloip.integration.CommentInteractionFlowsTest
2022-12-16 06:32:31.599  INFO 97261 --- [Test worker] .b.t.c.SpringBootTestContextBootstrapper : Loaded default TestExecutionListener class names from location [META-INF/spring.factories]: [org.springframework.boot.test.autoconfigure.restdocs.RestDocsTestExecutionListener, org.springframework.boot.test.autoconfigure.web.client.MockRestServiceServerResetTestExecutionListener, org.springframework.boot.test.autoconfigure.web.servlet.MockMvcPrintOnlyOnFailureTestExecutionListener, org.springframework.boot.test.autoconfigure.web.servlet.WebDriverTestExecutionListener, org.springframework.boot.test.autoconfigure.webservices.client.MockWebServiceServerTestExecutionListener, org.springframework.boot.test.mock.mockito.MockitoTestExecutionListener, org.springframework.boot.test.mock.mockito.ResetMocksTestExecutionListener, org.springframework.test.context.web.ServletTestExecutionListener, org.springframework.test.context.support.DirtiesContextBeforeModesTestExecutionListener, org.springframework.test.context.event.ApplicationEventsTestExecutionListener, org.springframework.test.context.support.DependencyInjectionTestExecutionListener, org.springframework.test.context.support.DirtiesContextTestExecutionListener, org.springframework.test.context.transaction.TransactionalTestExecutionListener, org.springframework.test.context.jdbc.SqlScriptsTestExecutionListener, org.springframework.test.context.event.EventPublishingTestExecutionListener]
2022-12-16 06:32:31.599  INFO 97261 --- [Test worker] .b.t.c.SpringBootTestContextBootstrapper : Using TestExecutionListeners: [org.springframework.test.context.web.ServletTestExecutionListener@33ffbde5, org.springframework.test.context.support.DirtiesContextBeforeModesTestExecutionListener@6d194f34, org.springframework.test.context.event.ApplicationEventsTestExecutionListener@14b7d29e, org.springframework.boot.test.mock.mockito.MockitoTestExecutionListener@408e47f, org.springframework.boot.test.autoconfigure.SpringBootDependencyInjectionTestExecutionListener@4ad6618e, org.springframework.test.context.support.DirtiesContextTestExecutionListener@6d91f70f, org.springframework.test.context.transaction.TransactionalTestExecutionListener@4718eb01, org.springframework.test.context.jdbc.SqlScriptsTestExecutionListener@470d481, org.springframework.test.context.event.EventPublishingTestExecutionListener@7dd31f90, org.springframework.boot.test.autoconfigure.restdocs.RestDocsTestExecutionListener@1f98b6aa, org.springframework.boot.test.autoconfigure.web.client.MockRestServiceServerResetTestExecutionListener@1f5816bb, org.springframework.boot.test.autoconfigure.web.servlet.MockMvcPrintOnlyOnFailureTestExecutionListener@1d0e0d0d, org.springframework.boot.test.autoconfigure.web.servlet.WebDriverTestExecutionListener@78c4bea3, org.springframework.boot.test.autoconfigure.webservices.client.MockWebServiceServerTestExecutionListener@22336af7, org.springframework.boot.test.mock.mockito.ResetMocksTestExecutionListener@7d814dc4]
2022-12-16 06:32:32.176 DEBUG 97261 --- [Test worker] com.bloip.services.LoggingService        : Creating new inbox item for user: 2506
2022-12-16 06:32:32.199 DEBUG 97261 --- [Test worker] com.bloip.services.LoggingService        : Creating new inbox item for user: 2506
2022-12-16 06:32:32.210 DEBUG 97261 --- [Test worker] com.bloip.services.LoggingService        : Creating new inbox item for user: 2506
2022-12-16 06:32:32.220 DEBUG 97261 --- [Test worker] com.bloip.services.LoggingService        : Creating new inbox item for user: 2506
2022-12-16 06:32:32.229 DEBUG 97261 --- [Test worker] com.bloip.services.LoggingService        : Creating new inbox item for user: 2506
2022-12-16 06:32:32.240 DEBUG 97261 --- [Test worker] com.bloip.services.LoggingService        : Creating new inbox item for user: 2506
2022-12-16 06:32:32.250 DEBUG 97261 --- [Test worker] com.bloip.services.LoggingService        : Creating new inbox item for user: 2506
2022-12-16 06:32:32.324 DEBUG 97261 --- [Test worker] com.bloip.services.LoggingService        : Creating new inbox item for user: 2507
2022-12-16 06:32:32.334 DEBUG 97261 --- [Test worker] com.bloip.services.LoggingService        : Creating new inbox item for user: 2507
2022-12-16 06:32:32.344 DEBUG 97261 --- [Test worker] com.bloip.services.LoggingService        : Creating new inbox item for user: 2507
2022-12-16 06:32:32.354 DEBUG 97261 --- [Test worker] com.bloip.services.LoggingService        : Creating new inbox item for user: 2507
2022-12-16 06:32:32.365 DEBUG 97261 --- [Test worker] com.bloip.services.LoggingService        : Creating new inbox item for user: 2507
2022-12-16 06:32:32.439 DEBUG 97261 --- [Test worker] com.bloip.services.LoggingService        : Creating new inbox item for user: 2507
2022-12-16 06:32:32.449 DEBUG 97261 --- [Test worker] com.bloip.services.LoggingService        : Creating new inbox item for user: 2507
2022-12-16 06:32:32.556 DEBUG 97261 --- [Test worker] com.bloip.services.LoggingService        : updating existing user: 2507
2022-12-16 06:32:32.558 DEBUG 97261 --- [Test worker] com.bloip.services.LoggingService        : updating existing user: 2506
2022-12-16 06:32:32.581 DEBUG 97261 --- [Test worker] com.bloip.services.LoggingService        : Creating new inbox item for user: 2506
2022-12-16 06:32:32.582 DEBUG 97261 --- [Test worker] com.bloip.services.LoggingService        : Creating new inbox item for user: 2508
2022-12-16 06:32:32.647 DEBUG 97261 --- [Test worker] com.bloip.services.LoggingService        : Creating new inbox item for user: 2509
2022-12-16 06:32:32.659 DEBUG 97261 --- [Test worker] com.bloip.services.LoggingService        : updating existing user: 2509
2022-12-16 06:32:32.660 DEBUG 97261 --- [Test worker] com.bloip.services.LoggingService        : Creating new inbox item for user: 2510
2022-12-16 06:32:32.673 DEBUG 97261 --- [Test worker] com.bloip.services.LoggingService        : updating existing user: 2509
2022-12-16 06:32:32.675 DEBUG 97261 --- [Test worker] com.bloip.services.LoggingService        : updating existing user: 2510
2022-12-16 06:32:32.678 DEBUG 97261 --- [Test worker] com.bloip.services.LoggingService        : Creating new inbox item for user: 2511
2022-12-16 06:32:32.721 DEBUG 97261 --- [Test worker] com.bloip.services.LoggingService        : updating existing user: 2509
2022-12-16 06:32:32.722 DEBUG 97261 --- [Test worker] com.bloip.services.LoggingService        : updating existing user: 2510
2022-12-16 06:32:32.724 DEBUG 97261 --- [Test worker] com.bloip.services.LoggingService        : updating existing user: 2511
2022-12-16 06:32:32.725 DEBUG 97261 --- [Test worker] com.bloip.services.LoggingService        : Creating new inbox item for user: 2512
2022-12-16 06:32:32.736 DEBUG 97261 --- [Test worker] com.bloip.services.LoggingService        : updating existing user: 2509
2022-12-16 06:32:32.738 DEBUG 97261 --- [Test worker] com.bloip.services.LoggingService        : updating existing user: 2510
2022-12-16 06:32:32.740 DEBUG 97261 --- [Test worker] com.bloip.services.LoggingService        : updating existing user: 2511
2022-12-16 06:32:32.742 DEBUG 97261 --- [Test worker] com.bloip.services.LoggingService        : updating existing user: 2512
2022-12-16 06:32:32.743 DEBUG 97261 --- [Test worker] com.bloip.services.LoggingService        : Creating new inbox item for user: 2513
2022-12-16 06:32:32.755 DEBUG 97261 --- [Test worker] com.bloip.services.LoggingService        : updating existing user: 2509
2022-12-16 06:32:32.756 DEBUG 97261 --- [Test worker] com.bloip.services.LoggingService        : updating existing user: 2510
2022-12-16 06:32:32.758 DEBUG 97261 --- [Test worker] com.bloip.services.LoggingService        : updating existing user: 2511
2022-12-16 06:32:32.759 DEBUG 97261 --- [Test worker] com.bloip.services.LoggingService        : updating existing user: 2512
2022-12-16 06:32:32.761 DEBUG 97261 --- [Test worker] com.bloip.services.LoggingService        : updating existing user: 2513
2022-12-16 06:32:32.762 DEBUG 97261 --- [Test worker] com.bloip.services.LoggingService        : Creating new inbox item for user: 2514
2022-12-16 06:32:32.777 DEBUG 97261 --- [Test worker] com.bloip.services.LoggingService        : updating existing user: 2509
2022-12-16 06:32:32.779 DEBUG 97261 --- [Test worker] com.bloip.services.LoggingService        : updating existing user: 2510
2022-12-16 06:32:32.780 DEBUG 97261 --- [Test worker] com.bloip.services.LoggingService        : updating existing user: 2511
2022-12-16 06:32:32.782 DEBUG 97261 --- [Test worker] com.bloip.services.LoggingService        : updating existing user: 2512
2022-12-16 06:32:32.783 DEBUG 97261 --- [Test worker] com.bloip.services.LoggingService        : updating existing user: 2513
2022-12-16 06:32:32.785 DEBUG 97261 --- [Test worker] com.bloip.services.LoggingService        : updating existing user: 2514
2022-12-16 06:32:32.786 DEBUG 97261 --- [Test worker] com.bloip.services.LoggingService        : Creating new inbox item for user: 2515
2022-12-16 06:32:32.799 DEBUG 97261 --- [Test worker] com.bloip.services.LoggingService        : updating existing user: 2509
2022-12-16 06:32:32.801 DEBUG 97261 --- [Test worker] com.bloip.services.LoggingService        : updating existing user: 2510
2022-12-16 06:32:32.802 DEBUG 97261 --- [Test worker] com.bloip.services.LoggingService        : updating existing user: 2511
2022-12-16 06:32:32.805 DEBUG 97261 --- [Test worker] com.bloip.services.LoggingService        : updating existing user: 2512
2022-12-16 06:32:32.807 DEBUG 97261 --- [Test worker] com.bloip.services.LoggingService        : updating existing user: 2513
2022-12-16 06:32:32.808 DEBUG 97261 --- [Test worker] com.bloip.services.LoggingService        : updating existing user: 2514
2022-12-16 06:32:32.810 DEBUG 97261 --- [Test worker] com.bloip.services.LoggingService        : updating existing user: 2515
2022-12-16 06:32:32.812 DEBUG 97261 --- [Test worker] com.bloip.services.LoggingService        : Creating new inbox item for user: 2516
2022-12-16 06:32:32.840 DEBUG 97261 --- [Test worker] com.bloip.services.LoggingService        : updating existing user: 2509
2022-12-16 06:32:32.842 DEBUG 97261 --- [Test worker] com.bloip.services.LoggingService        : updating existing user: 2510
2022-12-16 06:32:32.845 DEBUG 97261 --- [Test worker] com.bloip.services.LoggingService        : updating existing user: 2511
2022-12-16 06:32:32.846 DEBUG 97261 --- [Test worker] com.bloip.services.LoggingService        : updating existing user: 2512
2022-12-16 06:32:32.848 DEBUG 97261 --- [Test worker] com.bloip.services.LoggingService        : updating existing user: 2513
2022-12-16 06:32:32.849 DEBUG 97261 --- [Test worker] com.bloip.services.LoggingService        : updating existing user: 2514
2022-12-16 06:32:32.850 DEBUG 97261 --- [Test worker] com.bloip.services.LoggingService        : updating existing user: 2515
2022-12-16 06:32:32.852 DEBUG 97261 --- [Test worker] com.bloip.services.LoggingService        : updating existing user: 2516
2022-12-16 06:32:32.854 DEBUG 97261 --- [Test worker] com.bloip.services.LoggingService        : Creating new inbox item for user: 2517
2022-12-16 06:32:32.873 DEBUG 97261 --- [Test worker] com.bloip.services.LoggingService        : updating existing user: 2509
2022-12-16 06:32:32.874 DEBUG 97261 --- [Test worker] com.bloip.services.LoggingService        : updating existing user: 2510
2022-12-16 06:32:32.876 DEBUG 97261 --- [Test worker] com.bloip.services.LoggingService        : updating existing user: 2511
2022-12-16 06:32:32.878 DEBUG 97261 --- [Test worker] com.bloip.services.LoggingService        : updating existing user: 2512
2022-12-16 06:32:32.879 DEBUG 97261 --- [Test worker] com.bloip.services.LoggingService        : updating existing user: 2513
2022-12-16 06:32:32.881 DEBUG 97261 --- [Test worker] com.bloip.services.LoggingService        : updating existing user: 2514
2022-12-16 06:32:32.882 DEBUG 97261 --- [Test worker] com.bloip.services.LoggingService        : updating existing user: 2515
2022-12-16 06:32:32.884 DEBUG 97261 --- [Test worker] com.bloip.services.LoggingService        : updating existing user: 2516
2022-12-16 06:32:32.885 DEBUG 97261 --- [Test worker] com.bloip.services.LoggingService        : updating existing user: 2517
2022-12-16 06:32:32.886 DEBUG 97261 --- [Test worker] com.bloip.services.LoggingService        : Creating new inbox item for user: 2518
2022-12-16 06:32:32.904 DEBUG 97261 --- [Test worker] com.bloip.services.LoggingService        : updating existing user: 2510
2022-12-16 06:32:32.906 DEBUG 97261 --- [Test worker] com.bloip.services.LoggingService        : updating existing user: 2511
2022-12-16 06:32:32.908 DEBUG 97261 --- [Test worker] com.bloip.services.LoggingService        : updating existing user: 2512
2022-12-16 06:32:32.910 DEBUG 97261 --- [Test worker] com.bloip.services.LoggingService        : updating existing user: 2513
2022-12-16 06:32:32.916 DEBUG 97261 --- [Test worker] com.bloip.services.LoggingService        : updating existing user: 2514
2022-12-16 06:32:32.918 DEBUG 97261 --- [Test worker] com.bloip.services.LoggingService        : updating existing user: 2515
2022-12-16 06:32:32.919 DEBUG 97261 --- [Test worker] com.bloip.services.LoggingService        : updating existing user: 2516
2022-12-16 06:32:32.922 DEBUG 97261 --- [Test worker] com.bloip.services.LoggingService        : updating existing user: 2517
2022-12-16 06:32:32.923 DEBUG 97261 --- [Test worker] com.bloip.services.LoggingService        : updating existing user: 2518
2022-12-16 06:32:32.925 DEBUG 97261 --- [Test worker] com.bloip.services.LoggingService        : Creating new inbox item for user: 2519
2022-12-16 06:32:32.990 DEBUG 97261 --- [Test worker] com.bloip.services.LoggingService        : Creating new inbox item for user: 2520
2022-12-16 06:32:33.157  INFO 97261 --- [Test worker] .b.t.c.SpringBootTestContextBootstrapper : Neither @ContextConfiguration nor @ContextHierarchy found for test class [com.bloip.integration.DiscussionEndToEndFunctionalTests], using SpringBootContextLoader
2022-12-16 06:32:33.158  INFO 97261 --- [Test worker] o.s.t.c.support.AbstractContextLoader    : Could not detect default resource locations for test class [com.bloip.integration.DiscussionEndToEndFunctionalTests]: no resource found for suffixes {-context.xml, Context.groovy}.
2022-12-16 06:32:33.158  INFO 97261 --- [Test worker] t.c.s.AnnotationConfigContextLoaderUtils : Could not detect default configuration classes for test class [com.bloip.integration.DiscussionEndToEndFunctionalTests]: DiscussionEndToEndFunctionalTests does not declare any static, non-private, non-final, nested classes annotated with @Configuration.
2022-12-16 06:32:33.160  INFO 97261 --- [Test worker] .b.t.c.SpringBootTestContextBootstrapper : Found @SpringBootConfiguration com.bloip.BloipApplication for test class com.bloip.integration.DiscussionEndToEndFunctionalTests
2022-12-16 06:32:33.161  INFO 97261 --- [Test worker] .b.t.c.SpringBootTestContextBootstrapper : Loaded default TestExecutionListener class names from location [META-INF/spring.factories]: [org.springframework.boot.test.autoconfigure.restdocs.RestDocsTestExecutionListener, org.springframework.boot.test.autoconfigure.web.client.MockRestServiceServerResetTestExecutionListener, org.springframework.boot.test.autoconfigure.web.servlet.MockMvcPrintOnlyOnFailureTestExecutionListener, org.springframework.boot.test.autoconfigure.web.servlet.WebDriverTestExecutionListener, org.springframework.boot.test.autoconfigure.webservices.client.MockWebServiceServerTestExecutionListener, org.springframework.boot.test.mock.mockito.MockitoTestExecutionListener, org.springframework.boot.test.mock.mockito.ResetMocksTestExecutionListener, org.springframework.test.context.web.ServletTestExecutionListener, org.springframework.test.context.support.DirtiesContextBeforeModesTestExecutionListener, org.springframework.test.context.event.ApplicationEventsTestExecutionListener, org.springframework.test.context.support.DependencyInjectionTestExecutionListener, org.springframework.test.context.support.DirtiesContextTestExecutionListener, org.springframework.test.context.transaction.TransactionalTestExecutionListener, org.springframework.test.context.jdbc.SqlScriptsTestExecutionListener, org.springframework.test.context.event.EventPublishingTestExecutionListener]
2022-12-16 06:32:33.161  INFO 97261 --- [Test worker] .b.t.c.SpringBootTestContextBootstrapper : Using TestExecutionListeners: [org.springframework.test.context.web.ServletTestExecutionListener@37265333, org.springframework.test.context.support.DirtiesContextBeforeModesTestExecutionListener@6c84f223, org.springframework.test.context.event.ApplicationEventsTestExecutionListener@1d132288, org.springframework.boot.test.mock.mockito.MockitoTestExecutionListener@59dcb7f8, org.springframework.boot.test.autoconfigure.SpringBootDependencyInjectionTestExecutionListener@5c66d83b, org.springframework.test.context.support.DirtiesContextTestExecutionListener@17b83c7e, org.springframework.test.context.transaction.TransactionalTestExecutionListener@13bb5b63, org.springframework.test.context.jdbc.SqlScriptsTestExecutionListener@2fe44d9b, org.springframework.test.context.event.EventPublishingTestExecutionListener@45a9ef5c, org.springframework.boot.test.autoconfigure.restdocs.RestDocsTestExecutionListener@1324605b, org.springframework.boot.test.autoconfigure.web.client.MockRestServiceServerResetTestExecutionListener@5a8d411f, org.springframework.boot.test.autoconfigure.web.servlet.MockMvcPrintOnlyOnFailureTestExecutionListener@57084740, org.springframework.boot.test.autoconfigure.web.servlet.WebDriverTestExecutionListener@5d5181f2, org.springframework.boot.test.autoconfigure.webservices.client.MockWebServiceServerTestExecutionListener@6d4714bb, org.springframework.boot.test.mock.mockito.ResetMocksTestExecutionListener@5d7225b5]
2022-12-16 06:32:38.270  WARN 97261 --- [Test worker] ory$DuplicateJsonObjectContextCustomizer : 

Found multiple occurrences of org.json.JSONObject on the class path:

	jar:file:/Users/NtroduceMe/.gradle/caches/modules-2/files-2.1/org.json/json/20220924/5aa95e7688f76c664af205c5937620f02688dfbc/json-20220924.jar!/org/json/JSONObject.class
	jar:file:/Users/NtroduceMe/.gradle/caches/modules-2/files-2.1/com.vaadin.external.google/android-json/0.0.20131108.vaadin1/fa26d351fe62a6a17f5cda1287c1c6110dec413f/android-json-0.0.20131108.vaadin1.jar!/org/json/JSONObject.class

You may wish to exclude one of them to ensure predictable runtime behavior

2022-12-16 06:32:38.311  INFO 97261 --- [Test worker] c.b.i.DiscussionEndToEndFunctionalTests  : Starting DiscussionEndToEndFunctionalTests using Java 18.0.1.1 on Usmans-iMac.local with PID 97261 (started by NtroduceMe in /Users/NtroduceMe/Documents/Git/bloip)
2022-12-16 06:32:38.312  INFO 97261 --- [Test worker] c.b.i.DiscussionEndToEndFunctionalTests  : No active profile set, falling back to 1 default profile: "default"
2022-12-16 06:32:39.127  INFO 97261 --- [Test worker] .s.d.r.c.RepositoryConfigurationDelegate : Bootstrapping Spring Data JPA repositories in DEFAULT mode.
2022-12-16 06:32:39.194  INFO 97261 --- [Test worker] .s.d.r.c.RepositoryConfigurationDelegate : Finished Spring Data repository scanning in 65 ms. Found 18 JPA repository interfaces.
2022-12-16 06:32:39.692  INFO 97261 --- [Test worker] o.s.b.w.embedded.tomcat.TomcatWebServer  : Tomcat initialized with port(s): 8443 (https)
2022-12-16 06:32:39.762  INFO 97261 --- [Test worker] o.apache.catalina.core.StandardService   : Starting service [Tomcat]
2022-12-16 06:32:39.762  INFO 97261 --- [Test worker] org.apache.catalina.core.StandardEngine  : Starting Servlet engine: [Apache Tomcat/9.0.63]
2022-12-16 06:32:41.697  INFO 97261 --- [Test worker] o.a.c.c.C.[Tomcat].[localhost].[/]       : Initializing Spring embedded WebApplicationContext
2022-12-16 06:32:41.697  INFO 97261 --- [Test worker] w.s.c.ServletWebServerApplicationContext : Root WebApplicationContext: initialization completed in 3383 ms
2022-12-16 06:32:41.840  INFO 97261 --- [Test worker] com.zaxxer.hikari.HikariDataSource       : HikariPool-2 - Starting...
2022-12-16 06:32:41.919  INFO 97261 --- [Test worker] com.zaxxer.hikari.HikariDataSource       : HikariPool-2 - Start completed.
2022-12-16 06:32:41.941  INFO 97261 --- [Test worker] o.hibernate.jpa.internal.util.LogHelper  : HHH000204: Processing PersistenceUnitInfo [name: default]
2022-12-16 06:32:41.950  INFO 97261 --- [Test worker] org.hibernate.dialect.Dialect            : HHH000400: Using dialect: org.hibernate.dialect.MySQL5InnoDBDialect
2022-12-16 06:32:42.059  INFO 97261 --- [Test worker] o.h.e.t.j.p.i.JtaPlatformInitiator       : HHH000490: Using JtaPlatform implementation: [org.hibernate.engine.transaction.jta.platform.internal.NoJtaPlatform]
2022-12-16 06:32:42.060  INFO 97261 --- [Test worker] j.LocalContainerEntityManagerFactoryBean : Initialized JPA EntityManagerFactory for persistence unit 'default'
2022-12-16 06:32:42.243  INFO 97261 --- [Test worker] com.bloip.services.LoggingService        : Initializing user cache
2022-12-16 06:32:42.248  INFO 97261 --- [Test worker] com.bloip.services.LoggingService        : User cache initialized


2022-12-16 06:32:42.309  INFO 97261 --- [Test worker] com.bloip.services.LoggingService        : Initializing user cookie cache
2022-12-16 06:32:42.370  INFO 97261 --- [Test worker] com.bloip.services.LoggingService        : UserCookie cache initialized


2022-12-16 06:32:42.760  INFO 97261 --- [Test worker] com.bloip.services.LoggingService        : Initialized languages: 7, in English
2022-12-16 06:32:42.765  INFO 97261 --- [Test worker] com.bloip.services.LoggingService        : Initialized languages: 7, in Spanish
2022-12-16 06:32:42.769  INFO 97261 --- [Test worker] com.bloip.services.LoggingService        : Initialized languages: 7, in Portuguese
2022-12-16 06:32:42.773  INFO 97261 --- [Test worker] com.bloip.services.LoggingService        : Initialized languages: 7, in French
2022-12-16 06:32:42.777  INFO 97261 --- [Test worker] com.bloip.services.LoggingService        : Initialized languages: 7, in Russian
2022-12-16 06:32:42.782  INFO 97261 --- [Test worker] com.bloip.services.LoggingService        : Initialized languages: 7, in Italian
2022-12-16 06:32:42.787  INFO 97261 --- [Test worker] com.bloip.services.LoggingService        : Initialized languages: 7, in German
2022-12-16 06:32:42.887  INFO 97261 --- [Test worker] com.bloip.services.LoggingService        : Initializing country service...
2022-12-16 06:32:42.993  INFO 97261 --- [Test worker] com.bloip.services.LoggingService        : Initialized countries: 244, in English
2022-12-16 06:32:43.092  INFO 97261 --- [Test worker] com.bloip.services.LoggingService        : Initialized countries: 244, in Spanish
2022-12-16 06:32:43.190  INFO 97261 --- [Test worker] com.bloip.services.LoggingService        : Initialized countries: 244, in Portuguese
2022-12-16 06:32:43.281  INFO 97261 --- [Test worker] com.bloip.services.LoggingService        : Initialized countries: 244, in French
2022-12-16 06:32:43.372  INFO 97261 --- [Test worker] com.bloip.services.LoggingService        : Initialized countries: 244, in Russian
2022-12-16 06:32:43.465  INFO 97261 --- [Test worker] com.bloip.services.LoggingService        : Initialized countries: 244, in Italian
2022-12-16 06:32:43.555  INFO 97261 --- [Test worker] com.bloip.services.LoggingService        : Initialized countries: 244, in German
2022-12-16 06:32:43.555  INFO 97261 --- [Test worker] com.bloip.services.LoggingService        : CountryService initialized
2022-12-16 06:32:44.375  INFO 97261 --- [Test worker] com.bloip.services.LoggingService        : Initializing inbox cache
2022-12-16 06:32:44.379  INFO 97261 --- [Test worker] com.bloip.services.LoggingService        : Inbox cache initialized


2022-12-16 06:32:44.418  INFO 97261 --- [Test worker] com.bloip.services.LoggingService        : Filter registrations loaded.


2022-12-16 06:32:44.619  INFO 97261 --- [Test worker] com.bloip.services.LoggingService        : Loading comments cache
2022-12-16 06:32:44.624  INFO 97261 --- [Test worker] com.bloip.services.LoggingService        : Comment cache is loaded with 0
2022-12-16 06:32:44.657  INFO 97261 --- [Test worker] com.bloip.services.LoggingService        : Initializing discussion cache
2022-12-16 06:32:44.701  INFO 97261 --- [Test worker] com.bloip.services.LoggingService        : Discussion cache initialized: 0 discussions loaded across and sorted in 0 stacks (1 for each country represented)


2022-12-16 06:32:44.725  INFO 97261 --- [Test worker] com.bloip.services.LoggingService        : Initializing discussion subscription cache
2022-12-16 06:32:44.729  INFO 97261 --- [Test worker] com.bloip.services.LoggingService        : Discussion subscription cache initialized


2022-12-16 06:32:44.746  INFO 97261 --- [Test worker] com.bloip.services.LoggingService        : 
Loading web push notification cache
2022-12-16 06:32:44.750  INFO 97261 --- [Test worker] com.bloip.services.LoggingService        : Loaded 0 web push notification stats.

2022-12-16 06:32:44.764  INFO 97261 --- [Test worker] com.bloip.services.LoggingService        : 
Loading web push subscription cache
2022-12-16 06:32:44.768  INFO 97261 --- [Test worker] com.bloip.services.LoggingService        : Loaded subscriptions for 0 users.

2022-12-16 06:32:44.787  INFO 97261 --- [Test worker] com.bloip.services.LoggingService        : AdminNotifier initializing...
2022-12-16 06:32:44.791  INFO 97261 --- [Test worker] com.bloip.services.LoggingService        : AdminNotifier Service initialized: Remote Services: NO
2022-12-16 06:32:44.815  INFO 97261 --- [Test worker] com.bloip.services.LoggingService        : ConversionRequestProducer initializing
2022-12-16 06:32:44.817  INFO 97261 --- [Test worker] com.bloip.services.LoggingService        : initialized: RemoteServices: NO
2022-12-16 06:32:44.959  INFO 97261 --- [Test worker] com.bloip.services.LoggingService        : AWSMediaConvertProducer initializing...
2022-12-16 06:32:45.173  INFO 97261 --- [Test worker] com.bloip.services.LoggingService        : MediaConvert endpoint url -> https://q25wbt2lc.mediaconvert.us-east-1.amazonaws.com
2022-12-16 06:32:45.175  INFO 97261 --- [Test worker] com.bloip.services.LoggingService        : initialized: RemoteServices: NO
2022-12-16 06:32:45.177  INFO 97261 --- [Test worker] com.bloip.services.LoggingService        : ConversionCompleteConsumer initializing...
2022-12-16 06:32:45.179  INFO 97261 --- [Test worker] com.bloip.services.LoggingService        : initialized: RemoteServices: NO
2022-12-16 06:32:45.182  INFO 97261 --- [Test worker] com.bloip.services.LoggingService        : ConversionRequestConsumer initializing...
2022-12-16 06:32:45.186  INFO 97261 --- [Test worker] com.bloip.services.LoggingService        : initialized: RemoteServices: NO
2022-12-16 06:32:45.300  INFO 97261 --- [Test worker] o.s.s.web.DefaultSecurityFilterChain     : Will secure any request with [org.springframework.security.web.session.DisableEncodeUrlFilter@ab80b31, org.springframework.security.web.context.request.async.WebAsyncManagerIntegrationFilter@3a27ad97, org.springframework.security.web.context.SecurityContextPersistenceFilter@73a09825, org.springframework.security.web.header.HeaderWriterFilter@13ad634b, org.springframework.security.web.authentication.logout.LogoutFilter@29a1d850, org.springframework.security.web.authentication.UsernamePasswordAuthenticationFilter@54fdead9, org.springframework.security.web.savedrequest.RequestCacheAwareFilter@464337cb, org.springframework.security.web.servletapi.SecurityContextHolderAwareRequestFilter@3e0cb373, org.springframework.security.web.authentication.AnonymousAuthenticationFilter@72893ee0, com.bloip.filters.GlobalFilter@4919a94a, org.springframework.security.web.session.SessionManagementFilter@68b11d5c, org.springframework.security.web.access.ExceptionTranslationFilter@7d291fed, org.springframework.security.web.access.intercept.FilterSecurityInterceptor@6fb4ea51]
2022-12-16 06:32:45.346  WARN 97261 --- [Test worker] JpaBaseConfiguration$JpaWebConfiguration : spring.jpa.open-in-view is enabled by default. Therefore, database queries may be performed during view rendering. Explicitly configure spring.jpa.open-in-view to disable this warning
2022-12-16 06:32:45.446  INFO 97261 --- [Test worker] o.s.b.a.w.s.WelcomePageHandlerMapping    : Adding welcome page template: index
2022-12-16 06:32:46.046  INFO 97261 --- [Test worker] o.s.b.w.embedded.tomcat.TomcatWebServer  : Tomcat started on port(s): 8443 (https) with context path ''
2022-12-16 06:32:46.050  INFO 97261 --- [Test worker] c.b.i.DiscussionEndToEndFunctionalTests  : Started DiscussionEndToEndFunctionalTests in 12.887 seconds (JVM running for 52.269)
2022-12-16 06:32:46.874  INFO 97261 --- [Test worker] com.bloip.services.LoggingService        : MediaConversion.startConvertingAudioFile skipped due to remote services being disabled.
2022-12-16 06:32:47.150  INFO 97261 --- [https-jsse-nio-8443-exec-6] o.a.c.c.C.[Tomcat].[localhost].[/]       : Initializing Spring DispatcherServlet 'dispatcherServlet'
2022-12-16 06:32:47.150  INFO 97261 --- [https-jsse-nio-8443-exec-6] o.s.web.servlet.DispatcherServlet        : Initializing Servlet 'dispatcherServlet'
2022-12-16 06:32:47.152  INFO 97261 --- [https-jsse-nio-8443-exec-6] o.s.web.servlet.DispatcherServlet        : Completed initialization in 2 ms
2022-12-16 06:32:47.468  WARN 97261 --- [https-jsse-nio-8443-exec-6] o.a.c.util.SessionIdGeneratorBase        : Creation of SecureRandom instance for session ID generation using [SHA1PRNG] took [279] milliseconds.
2022-12-16 06:32:47.515  INFO 97261 --- [https-jsse-nio-8443-exec-6] com.bloip.services.LoggingService        : URL: https://localhost:8443/bloip-logout
2022-12-16 06:32:47.530  INFO 97261 --- [https-jsse-nio-8443-exec-6] com.bloip.services.LoggingService        : Cloudfront Country: null
2022-12-16 06:32:48.593  INFO 97261 --- [https-jsse-nio-8443-exec-8] com.bloip.services.LoggingService        : URL: https://localhost:8443/bloip-login
2022-12-16 06:32:48.593  INFO 97261 --- [https-jsse-nio-8443-exec-8] com.bloip.services.LoggingService        : Cloudfront Country: null
2022-12-16 06:32:49.730  WARN 97261 --- [https-jsse-nio-8443-exec-8] n.n.u.t.e.ExpressionProcessor            : Fragment expression "fragments/base-meta.html :: baseMetaContent" is being wrapped as a Thymeleaf 3 fragment expression (~{...}) for backwards compatibility purposes.  This wrapping will be dropped in the next major version of the expression processor, so please rewrite as a Thymeleaf 3 fragment expression to future-proof your code.  See https://github.com/thymeleaf/thymeleaf/issues/451 for more information.
2022-12-16 06:32:49.849  WARN 97261 --- [https-jsse-nio-8443-exec-8] n.n.u.t.l.fragments.FragmentProcessor    : You don't need to put the layout:fragment/data-layout-fragment attribute into the <head> section - the decoration process will automatically copy the <head> section of your content templates into your layout page.
2022-12-16 06:32:50.688  INFO 97261 --- [Test worker] c.g.htmlunit.html.HtmlForm               : Form validation failed; element 'HtmlEmailInput[<input id="email" type="email" name="username" placeholder="Email address" autofocus="" required="" autocomplete="on" value="">]' was not valid. Submit cancelled.
2022-12-16 06:32:50.692  INFO 97261 --- [https-jsse-nio-8443-exec-9] com.bloip.services.LoggingService        : URL: https://localhost:8443/
2022-12-16 06:32:50.693  INFO 97261 --- [https-jsse-nio-8443-exec-9] com.bloip.services.LoggingService        : Cloudfront Country: null
2022-12-16 06:32:50.921  INFO 97261 --- [https-jsse-nio-8443-exec-10] com.bloip.services.LoggingService        : URL: https://localhost:8443/new-discussion
2022-12-16 06:32:50.921  INFO 97261 --- [https-jsse-nio-8443-exec-10] com.bloip.services.LoggingService        : Cloudfront Country: null
2022-12-16 06:32:50.969  WARN 97261 --- [https-jsse-nio-8443-exec-10] n.n.u.t.e.ExpressionProcessor            : Fragment expression "discussion/fragments/states.html :: states" is being wrapped as a Thymeleaf 3 fragment expression (~{...}) for backwards compatibility purposes.  This wrapping will be dropped in the next major version of the expression processor, so please rewrite as a Thymeleaf 3 fragment expression to future-proof your code.  See https://github.com/thymeleaf/thymeleaf/issues/451 for more information.
2022-12-16 06:32:51.737  INFO 97261 --- [Test worker] c.gargoylesoftware.htmlunit.WebConsole   : Transitioning to new state
2022-12-16 06:32:51.738  INFO 97261 --- [Test worker] c.gargoylesoftware.htmlunit.WebConsole   : StateMachine Position: 0
2022-12-16 06:32:51.740  INFO 97261 --- [Test worker] c.gargoylesoftware.htmlunit.WebConsole   : Transitioning to new state
2022-12-16 06:32:51.741  INFO 97261 --- [Test worker] c.gargoylesoftware.htmlunit.WebConsole   : StateMachine Position: 1
2022-12-16 06:32:51.825  INFO 97261 --- [Test worker] com.bloip.services.LoggingService        : MediaConversion.startConvertingAudioFile skipped due to remote services being disabled.
2022-12-16 06:32:51.863 DEBUG 97261 --- [Test worker] com.bloip.services.LoggingService        : Creating new inbox item for user: 2524
2022-12-16 06:32:51.868  INFO 97261 --- [Test worker] com.bloip.services.LoggingService        : MediaConversion.startConvertingAudioFile skipped due to remote services being disabled.
2022-12-16 06:32:51.927  INFO 97261 --- [https-jsse-nio-8443-exec-6] com.bloip.services.LoggingService        : URL: https://localhost:8443/bloip-logout
2022-12-16 06:32:51.928  INFO 97261 --- [https-jsse-nio-8443-exec-6] com.bloip.services.LoggingService        : Cloudfront Country: null
2022-12-16 06:32:51.950  INFO 97261 --- [https-jsse-nio-8443-exec-8] com.bloip.services.LoggingService        : URL: https://localhost:8443/bloip-login
2022-12-16 06:32:51.951  INFO 97261 --- [https-jsse-nio-8443-exec-8] com.bloip.services.LoggingService        : Cloudfront Country: null
2022-12-16 06:32:52.545  INFO 97261 --- [https-jsse-nio-8443-exec-10] com.bloip.services.LoggingService        : URL: https://localhost:8443/bloip-settings
2022-12-16 06:32:52.582  INFO 97261 --- [https-jsse-nio-8443-exec-10] com.bloip.services.LoggingService        : Cloudfront Country: null
2022-12-16 06:32:52.742  INFO 97261 --- [https-jsse-nio-8443-exec-1] com.bloip.services.LoggingService        : URL: https://localhost:8443/
2022-12-16 06:32:52.743  INFO 97261 --- [https-jsse-nio-8443-exec-1] com.bloip.services.LoggingService        : Cloudfront Country: null
2022-12-16 06:32:52.880  INFO 97261 --- [https-jsse-nio-8443-exec-2] com.bloip.services.LoggingService        : URL: https://localhost:8443/d/3937/l/en
2022-12-16 06:32:52.881  INFO 97261 --- [https-jsse-nio-8443-exec-2] com.bloip.services.LoggingService        : Cloudfront Country: null
2022-12-16 06:32:53.050  INFO 97261 --- [https-jsse-nio-8443-exec-3] com.bloip.services.LoggingService        : URL: https://localhost:8443/api/d/3937/comments
2022-12-16 06:32:53.050  INFO 97261 --- [https-jsse-nio-8443-exec-3] com.bloip.services.LoggingService        : Cloudfront Country: null
2022-12-16 06:32:53.069  INFO 97261 --- [https-jsse-nio-8443-exec-7] com.bloip.services.LoggingService        : URL: https://localhost:8443/reply/3937
2022-12-16 06:32:53.069  INFO 97261 --- [https-jsse-nio-8443-exec-7] com.bloip.services.LoggingService        : Cloudfront Country: null
2022-12-16 06:32:53.506  INFO 97261 --- [Test worker] c.gargoylesoftware.htmlunit.WebConsole   : Transitioning to new state
2022-12-16 06:32:53.506  INFO 97261 --- [Test worker] c.gargoylesoftware.htmlunit.WebConsole   : StateMachine Position: 0
2022-12-16 06:32:53.509  INFO 97261 --- [https-jsse-nio-8443-exec-8] com.bloip.services.LoggingService        : URL: https://localhost:8443/
2022-12-16 06:32:53.510  INFO 97261 --- [https-jsse-nio-8443-exec-8] com.bloip.services.LoggingService        : Cloudfront Country: null
2022-12-16 06:32:53.665  INFO 97261 --- [Test worker] .b.t.c.SpringBootTestContextBootstrapper : Neither @ContextConfiguration nor @ContextHierarchy found for test class [com.bloip.integration.DiscussionInteractionFlowsTest], using SpringBootContextLoader
2022-12-16 06:32:53.666  INFO 97261 --- [Test worker] o.s.t.c.support.AbstractContextLoader    : Could not detect default resource locations for test class [com.bloip.integration.DiscussionInteractionFlowsTest]: no resource found for suffixes {-context.xml, Context.groovy}.
2022-12-16 06:32:53.666  INFO 97261 --- [Test worker] t.c.s.AnnotationConfigContextLoaderUtils : Could not detect default configuration classes for test class [com.bloip.integration.DiscussionInteractionFlowsTest]: DiscussionInteractionFlowsTest does not declare any static, non-private, non-final, nested classes annotated with @Configuration.
2022-12-16 06:32:53.667  INFO 97261 --- [Test worker] .b.t.c.SpringBootTestContextBootstrapper : Found @SpringBootConfiguration com.bloip.BloipApplication for test class com.bloip.integration.DiscussionInteractionFlowsTest
2022-12-16 06:32:53.669  INFO 97261 --- [Test worker] .b.t.c.SpringBootTestContextBootstrapper : Loaded default TestExecutionListener class names from location [META-INF/spring.factories]: [org.springframework.boot.test.autoconfigure.restdocs.RestDocsTestExecutionListener, org.springframework.boot.test.autoconfigure.web.client.MockRestServiceServerResetTestExecutionListener, org.springframework.boot.test.autoconfigure.web.servlet.MockMvcPrintOnlyOnFailureTestExecutionListener, org.springframework.boot.test.autoconfigure.web.servlet.WebDriverTestExecutionListener, org.springframework.boot.test.autoconfigure.webservices.client.MockWebServiceServerTestExecutionListener, org.springframework.boot.test.mock.mockito.MockitoTestExecutionListener, org.springframework.boot.test.mock.mockito.ResetMocksTestExecutionListener, org.springframework.test.context.web.ServletTestExecutionListener, org.springframework.test.context.support.DirtiesContextBeforeModesTestExecutionListener, org.springframework.test.context.event.ApplicationEventsTestExecutionListener, org.springframework.test.context.support.DependencyInjectionTestExecutionListener, org.springframework.test.context.support.DirtiesContextTestExecutionListener, org.springframework.test.context.transaction.TransactionalTestExecutionListener, org.springframework.test.context.jdbc.SqlScriptsTestExecutionListener, org.springframework.test.context.event.EventPublishingTestExecutionListener]
2022-12-16 06:32:53.669  INFO 97261 --- [Test worker] .b.t.c.SpringBootTestContextBootstrapper : Using TestExecutionListeners: [org.springframework.test.context.web.ServletTestExecutionListener@1807c124, org.springframework.test.context.support.DirtiesContextBeforeModesTestExecutionListener@7257b1e6, org.springframework.test.context.event.ApplicationEventsTestExecutionListener@18eb36ff, org.springframework.boot.test.mock.mockito.MockitoTestExecutionListener@25ebb657, org.springframework.boot.test.autoconfigure.SpringBootDependencyInjectionTestExecutionListener@3c35d2f, org.springframework.test.context.support.DirtiesContextTestExecutionListener@4cd40430, org.springframework.test.context.transaction.TransactionalTestExecutionListener@d498f9b, org.springframework.test.context.jdbc.SqlScriptsTestExecutionListener@7568d96b, org.springframework.test.context.event.EventPublishingTestExecutionListener@6c5bd8cc, org.springframework.boot.test.autoconfigure.restdocs.RestDocsTestExecutionListener@c2a4f3, org.springframework.boot.test.autoconfigure.web.client.MockRestServiceServerResetTestExecutionListener@41b6c627, org.springframework.boot.test.autoconfigure.web.servlet.MockMvcPrintOnlyOnFailureTestExecutionListener@7226ecfb, org.springframework.boot.test.autoconfigure.web.servlet.WebDriverTestExecutionListener@4009c7cb, org.springframework.boot.test.autoconfigure.webservices.client.MockWebServiceServerTestExecutionListener@55f90605, org.springframework.boot.test.mock.mockito.ResetMocksTestExecutionListener@22896563]
2022-12-16 06:32:54.582  INFO 97261 --- [Test worker] .b.t.c.SpringBootTestContextBootstrapper : Neither @ContextConfiguration nor @ContextHierarchy found for test class [com.bloip.integration.UserAccountEndToEndFunctionalTests], using SpringBootContextLoader
2022-12-16 06:32:54.583  INFO 97261 --- [Test worker] o.s.t.c.support.AbstractContextLoader    : Could not detect default resource locations for test class [com.bloip.integration.UserAccountEndToEndFunctionalTests]: no resource found for suffixes {-context.xml, Context.groovy}.
2022-12-16 06:32:54.583  INFO 97261 --- [Test worker] t.c.s.AnnotationConfigContextLoaderUtils : Could not detect default configuration classes for test class [com.bloip.integration.UserAccountEndToEndFunctionalTests]: UserAccountEndToEndFunctionalTests does not declare any static, non-private, non-final, nested classes annotated with @Configuration.
2022-12-16 06:32:54.585  INFO 97261 --- [Test worker] .b.t.c.SpringBootTestContextBootstrapper : Found @SpringBootConfiguration com.bloip.BloipApplication for test class com.bloip.integration.UserAccountEndToEndFunctionalTests
2022-12-16 06:32:54.586  INFO 97261 --- [Test worker] .b.t.c.SpringBootTestContextBootstrapper : Loaded default TestExecutionListener class names from location [META-INF/spring.factories]: [org.springframework.boot.test.autoconfigure.restdocs.RestDocsTestExecutionListener, org.springframework.boot.test.autoconfigure.web.client.MockRestServiceServerResetTestExecutionListener, org.springframework.boot.test.autoconfigure.web.servlet.MockMvcPrintOnlyOnFailureTestExecutionListener, org.springframework.boot.test.autoconfigure.web.servlet.WebDriverTestExecutionListener, org.springframework.boot.test.autoconfigure.webservices.client.MockWebServiceServerTestExecutionListener, org.springframework.boot.test.mock.mockito.MockitoTestExecutionListener, org.springframework.boot.test.mock.mockito.ResetMocksTestExecutionListener, org.springframework.test.context.web.ServletTestExecutionListener, org.springframework.test.context.support.DirtiesContextBeforeModesTestExecutionListener, org.springframework.test.context.event.ApplicationEventsTestExecutionListener, org.springframework.test.context.support.DependencyInjectionTestExecutionListener, org.springframework.test.context.support.DirtiesContextTestExecutionListener, org.springframework.test.context.transaction.TransactionalTestExecutionListener, org.springframework.test.context.jdbc.SqlScriptsTestExecutionListener, org.springframework.test.context.event.EventPublishingTestExecutionListener]
2022-12-16 06:32:54.586  INFO 97261 --- [Test worker] .b.t.c.SpringBootTestContextBootstrapper : Using TestExecutionListeners: [org.springframework.test.context.web.ServletTestExecutionListener@df65ef7, org.springframework.test.context.support.DirtiesContextBeforeModesTestExecutionListener@2667205e, org.springframework.test.context.event.ApplicationEventsTestExecutionListener@3eca364c, org.springframework.boot.test.mock.mockito.MockitoTestExecutionListener@182d6ad6, org.springframework.boot.test.autoconfigure.SpringBootDependencyInjectionTestExecutionListener@27939ec2, org.springframework.test.context.support.DirtiesContextTestExecutionListener@38692fbe, org.springframework.test.context.transaction.TransactionalTestExecutionListener@57fe16a9, org.springframework.test.context.jdbc.SqlScriptsTestExecutionListener@2476bd5a, org.springframework.test.context.event.EventPublishingTestExecutionListener@1fa84298, org.springframework.boot.test.autoconfigure.restdocs.RestDocsTestExecutionListener@6e4d8a0c, org.springframework.boot.test.autoconfigure.web.client.MockRestServiceServerResetTestExecutionListener@49a18232, org.springframework.boot.test.autoconfigure.web.servlet.MockMvcPrintOnlyOnFailureTestExecutionListener@582c7a31, org.springframework.boot.test.autoconfigure.web.servlet.WebDriverTestExecutionListener@5cd4f2e, org.springframework.boot.test.autoconfigure.webservices.client.MockWebServiceServerTestExecutionListener@752b871, org.springframework.boot.test.mock.mockito.ResetMocksTestExecutionListener@42a70abb]
2022-12-16 06:32:55.561  INFO 97261 --- [https-jsse-nio-8443-exec-7] com.bloip.services.LoggingService        : URL: https://localhost:8443/bloip-login
2022-12-16 06:32:55.561  INFO 97261 --- [https-jsse-nio-8443-exec-7] com.bloip.services.LoggingService        : Cloudfront Country: null
2022-12-16 06:32:55.749  INFO 97261 --- [https-jsse-nio-8443-exec-3] com.bloip.services.LoggingService        : URL: https://localhost:8443/bloip-signup
2022-12-16 06:32:55.749  INFO 97261 --- [https-jsse-nio-8443-exec-3] com.bloip.services.LoggingService        : Cloudfront Country: null
2022-12-16 06:32:55.835  INFO 97261 --- [Test worker] c.g.htmlunit.html.HtmlForm               : Form validation failed; element 'HtmlEmailInput[<input id="email1" type="email" name="email" placeholder="Email address" required="" value="garbage">]' was not valid. Submit cancelled.
2022-12-16 06:32:55.839  INFO 97261 --- [https-jsse-nio-8443-exec-8] com.bloip.services.LoggingService        : URL: https://localhost:8443/account-confirmation-email
2022-12-16 06:32:55.846  INFO 97261 --- [https-jsse-nio-8443-exec-8] com.bloip.services.LoggingService        : Cloudfront Country: null
2022-12-16 06:32:55.865  INFO 97261 --- [https-jsse-nio-8443-exec-9] com.bloip.services.LoggingService        : URL: https://localhost:8443/bloip-signup
2022-12-16 06:32:55.865  INFO 97261 --- [https-jsse-nio-8443-exec-9] com.bloip.services.LoggingService        : Cloudfront Country: null
2022-12-16 06:32:57.221  INFO 97261 --- [https-jsse-nio-8443-exec-10] com.bloip.services.LoggingService        : URL: https://localhost:8443/complete-signup
2022-12-16 06:32:57.222  INFO 97261 --- [https-jsse-nio-8443-exec-10] com.bloip.services.LoggingService        : Cloudfront Country: null
2022-12-16 06:32:57.290  INFO 97261 --- [Test worker] c.g.htmlunit.html.DefaultElementFactory  : Bad input type: "type", creating a text input
2022-12-16 06:32:57.292  INFO 97261 --- [Test worker] c.g.htmlunit.html.HtmlForm               : Form validation failed; element 'HtmlPasswordInput[<input id="password" type="password" minlength="8" maxlength="20" name="password" placeholder="Password" required="" value="XXXX">]' was not valid. Submit cancelled.
2022-12-16 06:32:57.295  INFO 97261 --- [https-jsse-nio-8443-exec-1] com.bloip.services.LoggingService        : URL: https://localhost:8443/complete-signup
2022-12-16 06:32:57.295  INFO 97261 --- [https-jsse-nio-8443-exec-1] com.bloip.services.LoggingService        : Cloudfront Country: null
2022-12-16 06:32:57.460  INFO 97261 --- [https-jsse-nio-8443-exec-2] com.bloip.services.LoggingService        : URL: https://localhost:8443/complete-signup
2022-12-16 06:32:57.460  INFO 97261 --- [https-jsse-nio-8443-exec-2] com.bloip.services.LoggingService        : Cloudfront Country: null
2022-12-16 06:32:57.468  INFO 97261 --- [https-jsse-nio-8443-exec-4] com.bloip.services.LoggingService        : URL: https://localhost:8443/complete-signup
2022-12-16 06:32:57.468  INFO 97261 --- [https-jsse-nio-8443-exec-4] com.bloip.services.LoggingService        : Cloudfront Country: null
2022-12-16 06:32:57.525  INFO 97261 --- [https-jsse-nio-8443-exec-6] com.bloip.services.LoggingService        : URL: https://localhost:8443/bloip-login
2022-12-16 06:32:57.525  INFO 97261 --- [https-jsse-nio-8443-exec-6] com.bloip.services.LoggingService        : Cloudfront Country: null
2022-12-16 06:32:57.682  INFO 97261 --- [https-jsse-nio-8443-exec-3] com.bloip.services.LoggingService        : URL: https://localhost:8443/bloip-login
2022-12-16 06:32:57.682  INFO 97261 --- [https-jsse-nio-8443-exec-3] com.bloip.services.LoggingService        : Cloudfront Country: null
2022-12-16 06:32:57.836  INFO 97261 --- [https-jsse-nio-8443-exec-9] com.bloip.services.LoggingService        : URL: https://localhost:8443/bloip-settings
2022-12-16 06:32:57.836  INFO 97261 --- [https-jsse-nio-8443-exec-9] com.bloip.services.LoggingService        : Cloudfront Country: null
2022-12-16 06:32:57.881  INFO 97261 --- [https-jsse-nio-8443-exec-10] com.bloip.services.LoggingService        : URL: https://localhost:8443/bloip-logout
2022-12-16 06:32:57.882  INFO 97261 --- [https-jsse-nio-8443-exec-10] com.bloip.services.LoggingService        : Cloudfront Country: null
2022-12-16 06:32:57.896  INFO 97261 --- [https-jsse-nio-8443-exec-2] com.bloip.services.LoggingService        : URL: https://localhost:8443/bloip-login
2022-12-16 06:32:57.896  INFO 97261 --- [https-jsse-nio-8443-exec-2] com.bloip.services.LoggingService        : Cloudfront Country: null
2022-12-16 06:32:57.943  INFO 97261 --- [https-jsse-nio-8443-exec-5] com.bloip.services.LoggingService        : URL: https://localhost:8443/bloip-login
2022-12-16 06:32:57.943  INFO 97261 --- [https-jsse-nio-8443-exec-5] com.bloip.services.LoggingService        : Cloudfront Country: null
2022-12-16 06:32:57.989  INFO 97261 --- [https-jsse-nio-8443-exec-6] com.bloip.services.LoggingService        : URL: https://localhost:8443/bloip-login
2022-12-16 06:32:57.989  INFO 97261 --- [https-jsse-nio-8443-exec-6] com.bloip.services.LoggingService        : Cloudfront Country: null
2022-12-16 06:32:58.028  INFO 97261 --- [https-jsse-nio-8443-exec-7] com.bloip.services.LoggingService        : URL: https://localhost:8443/bloip-forgot-my-password
2022-12-16 06:32:58.028  INFO 97261 --- [https-jsse-nio-8443-exec-7] com.bloip.services.LoggingService        : Cloudfront Country: null
2022-12-16 06:32:58.069  INFO 97261 --- [https-jsse-nio-8443-exec-3] com.bloip.services.LoggingService        : URL: https://localhost:8443/bloip-forgot-my-password
2022-12-16 06:32:58.077  INFO 97261 --- [https-jsse-nio-8443-exec-3] com.bloip.services.LoggingService        : Cloudfront Country: null
2022-12-16 06:32:58.083  INFO 97261 --- [https-jsse-nio-8443-exec-8] com.bloip.services.LoggingService        : URL: https://localhost:8443/bloip-forgot-my-password
2022-12-16 06:32:58.083  INFO 97261 --- [https-jsse-nio-8443-exec-8] com.bloip.services.LoggingService        : Cloudfront Country: null
2022-12-16 06:32:58.123  INFO 97261 --- [https-jsse-nio-8443-exec-9] com.bloip.services.LoggingService        : URL: https://localhost:8443/bloip-forgot-my-password
2022-12-16 06:32:58.123  INFO 97261 --- [https-jsse-nio-8443-exec-9] com.bloip.services.LoggingService        : Cloudfront Country: null
2022-12-16 06:32:58.132  INFO 97261 --- [https-jsse-nio-8443-exec-10] com.bloip.services.LoggingService        : URL: https://localhost:8443/bloip-forgot-my-password
2022-12-16 06:32:58.133  INFO 97261 --- [https-jsse-nio-8443-exec-10] com.bloip.services.LoggingService        : Cloudfront Country: null
2022-12-16 06:32:59.432  INFO 97261 --- [https-jsse-nio-8443-exec-1] com.bloip.services.LoggingService        : URL: https://localhost:8443/bloip-reset-my-password
2022-12-16 06:32:59.432  INFO 97261 --- [https-jsse-nio-8443-exec-1] com.bloip.services.LoggingService        : Cloudfront Country: null
2022-12-16 06:32:59.798  INFO 97261 --- [Test worker] c.g.htmlunit.html.HtmlForm               : Form validation failed; element 'HtmlPasswordInput[<input id="password" type="password" name="password" minlength="8" maxlength="20" placeholder="Enter new password" required="" value="XX">]' was not valid. Submit cancelled.
2022-12-16 06:32:59.801  INFO 97261 --- [https-jsse-nio-8443-exec-2] com.bloip.services.LoggingService        : URL: https://localhost:8443/bloip-reset-my-password
2022-12-16 06:32:59.801  INFO 97261 --- [https-jsse-nio-8443-exec-2] com.bloip.services.LoggingService        : Cloudfront Country: null
2022-12-16 06:32:59.908  INFO 97261 --- [https-jsse-nio-8443-exec-4] com.bloip.services.LoggingService        : URL: https://localhost:8443/bloip-login
2022-12-16 06:32:59.909  INFO 97261 --- [https-jsse-nio-8443-exec-4] com.bloip.services.LoggingService        : Cloudfront Country: null
2022-12-16 06:33:00.059  INFO 97261 --- [https-jsse-nio-8443-exec-6] com.bloip.services.LoggingService        : URL: https://localhost:8443/bloip-settings
2022-12-16 06:33:00.059  INFO 97261 --- [https-jsse-nio-8443-exec-6] com.bloip.services.LoggingService        : Cloudfront Country: null
2022-12-16 06:33:00.094  INFO 97261 --- [https-jsse-nio-8443-exec-7] com.bloip.services.LoggingService        : URL: https://localhost:8443/bloip-reset-my-password
2022-12-16 06:33:00.094  INFO 97261 --- [https-jsse-nio-8443-exec-7] com.bloip.services.LoggingService        : Cloudfront Country: null
2022-12-16 06:33:00.138  INFO 97261 --- [https-jsse-nio-8443-exec-3] com.bloip.services.LoggingService        : URL: https://localhost:8443/bloip-settings
2022-12-16 06:33:00.138  INFO 97261 --- [https-jsse-nio-8443-exec-3] com.bloip.services.LoggingService        : Cloudfront Country: null
2022-12-16 06:33:00.173  INFO 97261 --- [https-jsse-nio-8443-exec-8] com.bloip.services.LoggingService        : URL: https://localhost:8443/bloip-settings/email
2022-12-16 06:33:00.173  INFO 97261 --- [https-jsse-nio-8443-exec-8] com.bloip.services.LoggingService        : Cloudfront Country: null
2022-12-16 06:33:00.256  INFO 97261 --- [https-jsse-nio-8443-exec-9] com.bloip.services.LoggingService        : URL: https://localhost:8443/bloip-settings/email
2022-12-16 06:33:00.257  INFO 97261 --- [https-jsse-nio-8443-exec-9] com.bloip.services.LoggingService        : Cloudfront Country: null
2022-12-16 06:33:00.264  INFO 97261 --- [https-jsse-nio-8443-exec-10] com.bloip.services.LoggingService        : URL: https://localhost:8443/bloip-settings/email
2022-12-16 06:33:00.264  INFO 97261 --- [https-jsse-nio-8443-exec-10] com.bloip.services.LoggingService        : Cloudfront Country: null
2022-12-16 06:33:01.504  INFO 97261 --- [https-jsse-nio-8443-exec-1] com.bloip.services.LoggingService        : URL: https://localhost:8443/bloip-settings/email
2022-12-16 06:33:01.505  INFO 97261 --- [https-jsse-nio-8443-exec-1] com.bloip.services.LoggingService        : Cloudfront Country: null
2022-12-16 06:33:01.516  INFO 97261 --- [https-jsse-nio-8443-exec-2] com.bloip.services.LoggingService        : URL: https://localhost:8443/bloip-settings/email
2022-12-16 06:33:01.516  INFO 97261 --- [https-jsse-nio-8443-exec-2] com.bloip.services.LoggingService        : Cloudfront Country: null
2022-12-16 06:33:02.775  INFO 97261 --- [https-jsse-nio-8443-exec-4] com.bloip.services.LoggingService        : URL: https://localhost:8443/bloip-reset-my-email
2022-12-16 06:33:02.775  INFO 97261 --- [https-jsse-nio-8443-exec-4] com.bloip.services.LoggingService        : Cloudfront Country: null
2022-12-16 06:33:02.865  INFO 97261 --- [https-jsse-nio-8443-exec-5] com.bloip.services.LoggingService        : URL: https://localhost:8443/bloip-reset-my-email
2022-12-16 06:33:02.865  INFO 97261 --- [https-jsse-nio-8443-exec-5] com.bloip.services.LoggingService        : Cloudfront Country: null
2022-12-16 06:33:02.900  INFO 97261 --- [https-jsse-nio-8443-exec-6] com.bloip.services.LoggingService        : URL: https://localhost:8443/bloip-settings
2022-12-16 06:33:02.900  INFO 97261 --- [https-jsse-nio-8443-exec-6] com.bloip.services.LoggingService        : Cloudfront Country: null
2022-12-16 06:33:02.935  INFO 97261 --- [https-jsse-nio-8443-exec-7] com.bloip.services.LoggingService        : URL: https://localhost:8443/bloip-settings/notifications
2022-12-16 06:33:02.935  INFO 97261 --- [https-jsse-nio-8443-exec-7] com.bloip.services.LoggingService        : Cloudfront Country: null
2022-12-16 06:33:02.976  INFO 97261 --- [https-jsse-nio-8443-exec-3] com.bloip.services.LoggingService        : URL: https://localhost:8443/bloip-settings/notifications
2022-12-16 06:33:02.976  INFO 97261 --- [https-jsse-nio-8443-exec-3] com.bloip.services.LoggingService        : Cloudfront Country: null
2022-12-16 06:33:03.012  INFO 97261 --- [https-jsse-nio-8443-exec-8] com.bloip.services.LoggingService        : URL: https://localhost:8443/bloip-settings/notifications
2022-12-16 06:33:03.012  INFO 97261 --- [https-jsse-nio-8443-exec-8] com.bloip.services.LoggingService        : Cloudfront Country: null
2022-12-16 06:33:03.044  INFO 97261 --- [https-jsse-nio-8443-exec-9] com.bloip.services.LoggingService        : URL: https://localhost:8443/bloip-settings/notifications
2022-12-16 06:33:03.044  INFO 97261 --- [https-jsse-nio-8443-exec-9] com.bloip.services.LoggingService        : Cloudfront Country: null
2022-12-16 06:33:03.054  INFO 97261 --- [https-jsse-nio-8443-exec-10] com.bloip.services.LoggingService        : URL: https://localhost:8443/bloip-settings/notifications
2022-12-16 06:33:03.055  INFO 97261 --- [https-jsse-nio-8443-exec-10] com.bloip.services.LoggingService        : Cloudfront Country: null
2022-12-16 06:33:03.089  INFO 97261 --- [https-jsse-nio-8443-exec-1] com.bloip.services.LoggingService        : URL: https://localhost:8443/bloip-settings
2022-12-16 06:33:03.089  INFO 97261 --- [https-jsse-nio-8443-exec-1] com.bloip.services.LoggingService        : Cloudfront Country: null
2022-12-16 06:33:03.126  INFO 97261 --- [https-jsse-nio-8443-exec-2] com.bloip.services.LoggingService        : URL: https://localhost:8443/bloip-settings/confirm-account-deletion
2022-12-16 06:33:03.126  INFO 97261 --- [https-jsse-nio-8443-exec-2] com.bloip.services.LoggingService        : Cloudfront Country: null
2022-12-16 06:33:03.158  INFO 97261 --- [https-jsse-nio-8443-exec-4] com.bloip.services.LoggingService        : URL: https://localhost:8443/bloip-settings/delete-my-account
2022-12-16 06:33:03.158  INFO 97261 --- [https-jsse-nio-8443-exec-4] com.bloip.services.LoggingService        : Cloudfront Country: null
2022-12-16 06:33:03.195  INFO 97261 --- [https-jsse-nio-8443-exec-5] com.bloip.services.LoggingService        : URL: https://localhost:8443/bloip-settings/delete-my-account
2022-12-16 06:33:03.195  INFO 97261 --- [https-jsse-nio-8443-exec-5] com.bloip.services.LoggingService        : Cloudfront Country: null
2022-12-16 06:33:03.204  INFO 97261 --- [https-jsse-nio-8443-exec-6] com.bloip.services.LoggingService        : URL: https://localhost:8443/bloip-logout
2022-12-16 06:33:03.204  INFO 97261 --- [https-jsse-nio-8443-exec-6] com.bloip.services.LoggingService        : Cloudfront Country: null
2022-12-16 06:33:03.212  INFO 97261 --- [https-jsse-nio-8443-exec-3] com.bloip.services.LoggingService        : URL: https://localhost:8443/bloip-login
2022-12-16 06:33:03.212  INFO 97261 --- [https-jsse-nio-8443-exec-3] com.bloip.services.LoggingService        : Cloudfront Country: null
2022-12-16 06:33:03.347  INFO 97261 --- [https-jsse-nio-8443-exec-9] com.bloip.services.LoggingService        : URL: https://localhost:8443/bloip-login
2022-12-16 06:33:03.347  INFO 97261 --- [https-jsse-nio-8443-exec-9] com.bloip.services.LoggingService        : Cloudfront Country: null
2022-12-16 06:33:03.467  INFO 97261 --- [Test worker] .b.t.c.SpringBootTestContextBootstrapper : Neither @ContextConfiguration nor @ContextHierarchy found for test class [com.bloip.integration.webpush.WebPushServiceIntegrationTest], using SpringBootContextLoader
2022-12-16 06:33:03.468  INFO 97261 --- [Test worker] o.s.t.c.support.AbstractContextLoader    : Could not detect default resource locations for test class [com.bloip.integration.webpush.WebPushServiceIntegrationTest]: no resource found for suffixes {-context.xml, Context.groovy}.
2022-12-16 06:33:03.468  INFO 97261 --- [Test worker] t.c.s.AnnotationConfigContextLoaderUtils : Could not detect default configuration classes for test class [com.bloip.integration.webpush.WebPushServiceIntegrationTest]: WebPushServiceIntegrationTest does not declare any static, non-private, non-final, nested classes annotated with @Configuration.
2022-12-16 06:33:03.554  INFO 97261 --- [Test worker] .b.t.c.SpringBootTestContextBootstrapper : Found @SpringBootConfiguration com.bloip.BloipApplication for test class com.bloip.integration.webpush.WebPushServiceIntegrationTest
2022-12-16 06:33:03.556  INFO 97261 --- [Test worker] .b.t.c.SpringBootTestContextBootstrapper : Loaded default TestExecutionListener class names from location [META-INF/spring.factories]: [org.springframework.boot.test.autoconfigure.restdocs.RestDocsTestExecutionListener, org.springframework.boot.test.autoconfigure.web.client.MockRestServiceServerResetTestExecutionListener, org.springframework.boot.test.autoconfigure.web.servlet.MockMvcPrintOnlyOnFailureTestExecutionListener, org.springframework.boot.test.autoconfigure.web.servlet.WebDriverTestExecutionListener, org.springframework.boot.test.autoconfigure.webservices.client.MockWebServiceServerTestExecutionListener, org.springframework.boot.test.mock.mockito.MockitoTestExecutionListener, org.springframework.boot.test.mock.mockito.ResetMocksTestExecutionListener, org.springframework.test.context.web.ServletTestExecutionListener, org.springframework.test.context.support.DirtiesContextBeforeModesTestExecutionListener, org.springframework.test.context.event.ApplicationEventsTestExecutionListener, org.springframework.test.context.support.DependencyInjectionTestExecutionListener, org.springframework.test.context.support.DirtiesContextTestExecutionListener, org.springframework.test.context.transaction.TransactionalTestExecutionListener, org.springframework.test.context.jdbc.SqlScriptsTestExecutionListener, org.springframework.test.context.event.EventPublishingTestExecutionListener]
2022-12-16 06:33:03.556  INFO 97261 --- [Test worker] .b.t.c.SpringBootTestContextBootstrapper : Using TestExecutionListeners: [org.springframework.test.context.web.ServletTestExecutionListener@15b2b17d, org.springframework.test.context.support.DirtiesContextBeforeModesTestExecutionListener@1d6c0554, org.springframework.test.context.event.ApplicationEventsTestExecutionListener@630a089, org.springframework.boot.test.mock.mockito.MockitoTestExecutionListener@2ce89123, org.springframework.boot.test.autoconfigure.SpringBootDependencyInjectionTestExecutionListener@2cd1f49a, org.springframework.test.context.support.DirtiesContextTestExecutionListener@51ea12f1, org.springframework.test.context.transaction.TransactionalTestExecutionListener@525dc4ad, org.springframework.test.context.jdbc.SqlScriptsTestExecutionListener@3a54364c, org.springframework.test.context.event.EventPublishingTestExecutionListener@198270b8, org.springframework.boot.test.autoconfigure.restdocs.RestDocsTestExecutionListener@18fe94e3, org.springframework.boot.test.autoconfigure.web.client.MockRestServiceServerResetTestExecutionListener@24ba43fd, org.springframework.boot.test.autoconfigure.web.servlet.MockMvcPrintOnlyOnFailureTestExecutionListener@3f47f770, org.springframework.boot.test.autoconfigure.web.servlet.WebDriverTestExecutionListener@354a4790, org.springframework.boot.test.autoconfigure.webservices.client.MockWebServiceServerTestExecutionListener@59ff9456, org.springframework.boot.test.mock.mockito.ResetMocksTestExecutionListener@2fac813f]
2022-12-16 06:33:03.606  INFO 97261 --- [Test worker] com.bloip.services.LoggingService        : 
Loading web push notification cache
2022-12-16 06:33:03.608  INFO 97261 --- [Test worker] com.bloip.services.LoggingService        : Loaded 0 web push notification stats.

2022-12-16 06:33:03.610  INFO 97261 --- [Test worker] com.bloip.services.LoggingService        : 
Loading web push subscription cache
2022-12-16 06:33:03.612  INFO 97261 --- [Test worker] com.bloip.services.LoggingService        : Loaded subscriptions for 0 users.

2022-12-16 06:33:06.627  INFO 97261 --- [Test worker] com.bloip.services.LoggingService        : 
Loading web push notification cache
2022-12-16 06:33:06.652  INFO 97261 --- [Test worker] com.bloip.services.LoggingService        : Loaded 0 web push notification stats.

2022-12-16 06:33:06.654  INFO 97261 --- [Test worker] com.bloip.services.LoggingService        : 
Loading web push subscription cache
2022-12-16 06:33:06.656  INFO 97261 --- [Test worker] com.bloip.services.LoggingService        : Loaded subscriptions for 0 users.

2022-12-16 06:33:06.665  INFO 97261 --- [Test worker] com.bloip.services.LoggingService        : 
Loading web push notification cache
2022-12-16 06:33:06.667  INFO 97261 --- [Test worker] com.bloip.services.LoggingService        : Loaded 0 web push notification stats.

2022-12-16 06:33:06.668  INFO 97261 --- [Test worker] com.bloip.services.LoggingService        : 
Loading web push subscription cache
2022-12-16 06:33:06.670  INFO 97261 --- [Test worker] com.bloip.services.LoggingService        : Loaded subscriptions for 0 users.

2022-12-16 06:33:06.684  INFO 97261 --- [Test worker] com.bloip.services.LoggingService        : 
Loading web push notification cache
2022-12-16 06:33:06.686  INFO 97261 --- [Test worker] com.bloip.services.LoggingService        : Loaded 0 web push notification stats.

2022-12-16 06:33:06.688  INFO 97261 --- [Test worker] com.bloip.services.LoggingService        : 
Loading web push subscription cache
2022-12-16 06:33:06.690  INFO 97261 --- [Test worker] com.bloip.services.LoggingService        : Loaded subscriptions for 0 users.

2022-12-16 06:33:06.698  INFO 97261 --- [Test worker] com.bloip.services.LoggingService        : 
Loading web push notification cache
2022-12-16 06:33:06.700  INFO 97261 --- [Test worker] com.bloip.services.LoggingService        : Loaded 0 web push notification stats.

2022-12-16 06:33:06.701  INFO 97261 --- [Test worker] com.bloip.services.LoggingService        : 
Loading web push subscription cache
2022-12-16 06:33:06.703  INFO 97261 --- [Test worker] com.bloip.services.LoggingService        : Loaded subscriptions for 0 users.

2022-12-16 06:33:06.814  INFO 97261 --- [Test worker] com.bloip.services.LoggingService        : 
Loading web push notification cache
2022-12-16 06:33:06.816  INFO 97261 --- [Test worker] com.bloip.services.LoggingService        : Loaded 0 web push notification stats.

2022-12-16 06:33:06.817  INFO 97261 --- [Test worker] com.bloip.services.LoggingService        : 
Loading web push subscription cache
2022-12-16 06:33:06.818  INFO 97261 --- [Test worker] com.bloip.services.LoggingService        : Loaded subscriptions for 0 users.

2022-12-16 06:33:06.827  INFO 97261 --- [Test worker] com.bloip.services.LoggingService        : 
Loading web push notification cache
2022-12-16 06:33:06.829  INFO 97261 --- [Test worker] com.bloip.services.LoggingService        : Loaded 0 web push notification stats.

2022-12-16 06:33:06.830  INFO 97261 --- [Test worker] com.bloip.services.LoggingService        : 
Loading web push subscription cache
2022-12-16 06:33:06.832  INFO 97261 --- [Test worker] com.bloip.services.LoggingService        : Loaded subscriptions for 0 users.

2022-12-16 06:33:06.929  INFO 97261 --- [Test worker] com.bloip.services.LoggingService        : 
Loading web push notification cache
2022-12-16 06:33:06.931  INFO 97261 --- [Test worker] com.bloip.services.LoggingService        : Loaded 0 web push notification stats.

2022-12-16 06:33:06.933  INFO 97261 --- [Test worker] com.bloip.services.LoggingService        : 
Loading web push subscription cache
2022-12-16 06:33:06.934  INFO 97261 --- [Test worker] com.bloip.services.LoggingService        : Loaded subscriptions for 0 users.

2022-12-16 06:33:06.942  INFO 97261 --- [Test worker] com.bloip.services.LoggingService        : 
Loading web push notification cache
2022-12-16 06:33:06.944  INFO 97261 --- [Test worker] com.bloip.services.LoggingService        : Loaded 0 web push notification stats.

2022-12-16 06:33:06.945  INFO 97261 --- [Test worker] com.bloip.services.LoggingService        : 
Loading web push subscription cache
2022-12-16 06:33:06.947  INFO 97261 --- [Test worker] com.bloip.services.LoggingService        : Loaded subscriptions for 0 users.

2022-12-16 06:33:06.993  INFO 97261 --- [Test worker] com.bloip.services.LoggingService        : 
Loading web push notification cache
2022-12-16 06:33:06.995  INFO 97261 --- [Test worker] com.bloip.services.LoggingService        : Loaded 0 web push notification stats.

2022-12-16 06:33:06.997  INFO 97261 --- [Test worker] com.bloip.services.LoggingService        : 
Loading web push subscription cache
2022-12-16 06:33:06.998  INFO 97261 --- [Test worker] com.bloip.services.LoggingService        : Loaded subscriptions for 0 users.

2022-12-16 06:33:07.007  INFO 97261 --- [Test worker] com.bloip.services.LoggingService        : 
Loading web push notification cache
2022-12-16 06:33:07.009  INFO 97261 --- [Test worker] com.bloip.services.LoggingService        : Loaded 0 web push notification stats.

2022-12-16 06:33:07.010  INFO 97261 --- [Test worker] com.bloip.services.LoggingService        : 
Loading web push subscription cache
2022-12-16 06:33:07.011  INFO 97261 --- [Test worker] com.bloip.services.LoggingService        : Loaded subscriptions for 0 users.

2022-12-16 06:33:07.020  INFO 97261 --- [Test worker] com.bloip.services.LoggingService        : 
Loading web push notification cache
2022-12-16 06:33:07.022  INFO 97261 --- [Test worker] com.bloip.services.LoggingService        : Loaded 0 web push notification stats.

2022-12-16 06:33:07.024  INFO 97261 --- [Test worker] com.bloip.services.LoggingService        : 
Loading web push subscription cache
2022-12-16 06:33:07.027  INFO 97261 --- [Test worker] com.bloip.services.LoggingService        : Loaded subscriptions for 0 users.

2022-12-16 06:33:07.178  INFO 97261 --- [SpringApplicationShutdownHook] j.LocalContainerEntityManagerFactoryBean : Closing JPA EntityManagerFactory for persistence unit 'default'
2022-12-16 06:33:07.213  INFO 97261 --- [SpringApplicationShutdownHook] com.zaxxer.hikari.HikariDataSource       : HikariPool-1 - Shutdown initiated...
2022-12-16 06:33:07.235  INFO 97261 --- [SpringApplicationShutdownHook] com.zaxxer.hikari.HikariDataSource       : HikariPool-1 - Shutdown completed.
2022-12-16 06:33:07.317  INFO 97261 --- [SpringApplicationShutdownHook] j.LocalContainerEntityManagerFactoryBean : Closing JPA EntityManagerFactory for persistence unit 'default'
2022-12-16 06:33:07.318  INFO 97261 --- [SpringApplicationShutdownHook] com.zaxxer.hikari.HikariDataSource       : HikariPool-2 - Shutdown initiated...
2022-12-16 06:33:07.319  INFO 97261 --- [SpringApplicationShutdownHook] com.zaxxer.hikari.HikariDataSource       : HikariPool-2 - Shutdown completed.
2022-12-16 06:38:01.737  WARN 97283 --- [Test worker] ory$DuplicateJsonObjectContextCustomizer : 

Found multiple occurrences of org.json.JSONObject on the class path:

	jar:file:/Users/NtroduceMe/.gradle/caches/modules-2/files-2.1/org.json/json/20220924/5aa95e7688f76c664af205c5937620f02688dfbc/json-20220924.jar!/org/json/JSONObject.class
	jar:file:/Users/NtroduceMe/.gradle/caches/modules-2/files-2.1/com.vaadin.external.google/android-json/0.0.20131108.vaadin1/fa26d351fe62a6a17f5cda1287c1c6110dec413f/android-json-0.0.20131108.vaadin1.jar!/org/json/JSONObject.class

You may wish to exclude one of them to ensure predictable runtime behavior

2022-12-16 06:38:01.802  INFO 97283 --- [Test worker] c.b.i.DiscussionEndToEndFunctionalTests  : Starting DiscussionEndToEndFunctionalTests using Java 18.0.1.1 on Usmans-iMac.local with PID 97283 (started by NtroduceMe in /Users/NtroduceMe/Documents/Git/bloip)
2022-12-16 06:38:01.803  INFO 97283 --- [Test worker] c.b.i.DiscussionEndToEndFunctionalTests  : No active profile set, falling back to 1 default profile: "default"
2022-12-16 06:38:07.676  INFO 97283 --- [Test worker] .s.d.r.c.RepositoryConfigurationDelegate : Bootstrapping Spring Data JPA repositories in DEFAULT mode.
2022-12-16 06:38:07.825  INFO 97283 --- [Test worker] .s.d.r.c.RepositoryConfigurationDelegate : Finished Spring Data repository scanning in 110 ms. Found 18 JPA repository interfaces.
2022-12-16 06:38:12.454  INFO 97283 --- [Test worker] o.s.b.w.embedded.tomcat.TomcatWebServer  : Tomcat initialized with port(s): 8443 (https)
2022-12-16 06:38:12.473  INFO 97283 --- [Test worker] o.apache.catalina.core.StandardService   : Starting service [Tomcat]
2022-12-16 06:38:12.473  INFO 97283 --- [Test worker] org.apache.catalina.core.StandardEngine  : Starting Servlet engine: [Apache Tomcat/9.0.63]
2022-12-16 06:38:12.859  INFO 97283 --- [Test worker] o.a.c.c.C.[Tomcat].[localhost].[/]       : Initializing Spring embedded WebApplicationContext
2022-12-16 06:38:12.860  INFO 97283 --- [Test worker] w.s.c.ServletWebServerApplicationContext : Root WebApplicationContext: initialization completed in 9993 ms
2022-12-16 06:38:13.615  INFO 97283 --- [Test worker] com.zaxxer.hikari.HikariDataSource       : HikariPool-1 - Starting...
2022-12-16 06:38:14.203  INFO 97283 --- [Test worker] com.zaxxer.hikari.HikariDataSource       : HikariPool-1 - Start completed.
2022-12-16 06:38:14.656  INFO 97283 --- [Test worker] o.hibernate.jpa.internal.util.LogHelper  : HHH000204: Processing PersistenceUnitInfo [name: default]
2022-12-16 06:38:14.975  INFO 97283 --- [Test worker] org.hibernate.Version                    : HHH000412: Hibernate ORM core version 5.6.9.Final
2022-12-16 06:38:15.540  INFO 97283 --- [Test worker] o.hibernate.annotations.common.Version   : HCANN000001: Hibernate Commons Annotations {5.1.2.Final}
2022-12-16 06:38:15.921  INFO 97283 --- [Test worker] org.hibernate.dialect.Dialect            : HHH000400: Using dialect: org.hibernate.dialect.MySQL5InnoDBDialect
2022-12-16 06:38:17.731  INFO 97283 --- [Test worker] o.h.e.t.j.p.i.JtaPlatformInitiator       : HHH000490: Using JtaPlatform implementation: [org.hibernate.engine.transaction.jta.platform.internal.NoJtaPlatform]
2022-12-16 06:38:17.815  INFO 97283 --- [Test worker] j.LocalContainerEntityManagerFactoryBean : Initialized JPA EntityManagerFactory for persistence unit 'default'
2022-12-16 06:38:20.298  INFO 97283 --- [Test worker] com.bloip.services.LoggingService        : Initializing user cache
2022-12-16 06:38:20.331  INFO 97283 --- [Test worker] com.bloip.services.LoggingService        : User cache initialized


2022-12-16 06:38:20.590  INFO 97283 --- [Test worker] com.bloip.services.LoggingService        : Initializing user cookie cache
2022-12-16 06:38:20.597  INFO 97283 --- [Test worker] com.bloip.services.LoggingService        : UserCookie cache initialized


2022-12-16 06:38:21.695  INFO 97283 --- [Test worker] com.bloip.services.LoggingService        : Initialized languages: 7, in English
2022-12-16 06:38:21.706  INFO 97283 --- [Test worker] com.bloip.services.LoggingService        : Initialized languages: 7, in Spanish
2022-12-16 06:38:21.723  INFO 97283 --- [Test worker] com.bloip.services.LoggingService        : Initialized languages: 7, in Portuguese
2022-12-16 06:38:21.737  INFO 97283 --- [Test worker] com.bloip.services.LoggingService        : Initialized languages: 7, in French
2022-12-16 06:38:21.751  INFO 97283 --- [Test worker] com.bloip.services.LoggingService        : Initialized languages: 7, in Russian
2022-12-16 06:38:21.762  INFO 97283 --- [Test worker] com.bloip.services.LoggingService        : Initialized languages: 7, in Italian
2022-12-16 06:38:21.772  INFO 97283 --- [Test worker] com.bloip.services.LoggingService        : Initialized languages: 7, in German
2022-12-16 06:38:22.889  INFO 97283 --- [Test worker] com.bloip.services.LoggingService        : Initializing country service...
2022-12-16 06:38:23.254  INFO 97283 --- [Test worker] com.bloip.services.LoggingService        : Initialized countries: 244, in English
2022-12-16 06:38:23.485  INFO 97283 --- [Test worker] com.bloip.services.LoggingService        : Initialized countries: 244, in Spanish
2022-12-16 06:38:23.655  INFO 97283 --- [Test worker] com.bloip.services.LoggingService        : Initialized countries: 244, in Portuguese
2022-12-16 06:38:23.779  INFO 97283 --- [Test worker] com.bloip.services.LoggingService        : Initialized countries: 244, in French
2022-12-16 06:38:23.893  INFO 97283 --- [Test worker] com.bloip.services.LoggingService        : Initialized countries: 244, in Russian
2022-12-16 06:38:24.048  INFO 97283 --- [Test worker] com.bloip.services.LoggingService        : Initialized countries: 244, in Italian
2022-12-16 06:38:24.176  INFO 97283 --- [Test worker] com.bloip.services.LoggingService        : Initialized countries: 244, in German
2022-12-16 06:38:24.177  INFO 97283 --- [Test worker] com.bloip.services.LoggingService        : CountryService initialized
2022-12-16 06:38:25.587  INFO 97283 --- [Test worker] com.bloip.services.LoggingService        : Initializing inbox cache
2022-12-16 06:38:25.593  INFO 97283 --- [Test worker] com.bloip.services.LoggingService        : Inbox cache initialized


2022-12-16 06:38:25.663  INFO 97283 --- [Test worker] com.bloip.services.LoggingService        : Filter registrations loaded.


2022-12-16 06:38:27.640  INFO 97283 --- [Test worker] com.bloip.services.LoggingService        : Loading comments cache
2022-12-16 06:38:27.794  INFO 97283 --- [Test worker] com.bloip.services.LoggingService        : Comment cache is loaded with 0
2022-12-16 06:38:27.881  INFO 97283 --- [Test worker] com.bloip.services.LoggingService        : Initializing discussion cache
2022-12-16 06:38:27.904  INFO 97283 --- [Test worker] com.bloip.services.LoggingService        : Discussion cache initialized: 0 discussions loaded across and sorted in 0 stacks (1 for each country represented)


2022-12-16 06:38:27.944  INFO 97283 --- [Test worker] com.bloip.services.LoggingService        : Initializing discussion subscription cache
2022-12-16 06:38:27.948  INFO 97283 --- [Test worker] com.bloip.services.LoggingService        : Discussion subscription cache initialized


2022-12-16 06:38:27.982  INFO 97283 --- [Test worker] com.bloip.services.LoggingService        : 
Loading web push notification cache
2022-12-16 06:38:27.989  INFO 97283 --- [Test worker] com.bloip.services.LoggingService        : Loaded 0 web push notification stats.

2022-12-16 06:38:28.011  INFO 97283 --- [Test worker] com.bloip.services.LoggingService        : 
Loading web push subscription cache
2022-12-16 06:38:28.016  INFO 97283 --- [Test worker] com.bloip.services.LoggingService        : Loaded subscriptions for 0 users.

2022-12-16 06:38:28.083  INFO 97283 --- [Test worker] com.bloip.services.LoggingService        : AdminNotifier initializing...
2022-12-16 06:38:28.232  INFO 97283 --- [Test worker] com.bloip.services.LoggingService        : AdminNotifier Service initialized: Remote Services: NO
2022-12-16 06:38:28.833  INFO 97283 --- [Test worker] com.bloip.services.LoggingService        : ConversionRequestProducer initializing
2022-12-16 06:38:28.847  INFO 97283 --- [Test worker] com.bloip.services.LoggingService        : initialized: RemoteServices: NO
2022-12-16 06:38:29.409  INFO 97283 --- [Test worker] com.bloip.services.LoggingService        : AWSMediaConvertProducer initializing...
2022-12-16 06:38:30.232  INFO 97283 --- [Test worker] com.bloip.services.LoggingService        : MediaConvert endpoint url -> https://q25wbt2lc.mediaconvert.us-east-1.amazonaws.com
2022-12-16 06:38:30.234  INFO 97283 --- [Test worker] com.bloip.services.LoggingService        : initialized: RemoteServices: NO
2022-12-16 06:38:30.238  INFO 97283 --- [Test worker] com.bloip.services.LoggingService        : ConversionCompleteConsumer initializing...
2022-12-16 06:38:30.242  INFO 97283 --- [Test worker] com.bloip.services.LoggingService        : initialized: RemoteServices: NO
2022-12-16 06:38:30.248  INFO 97283 --- [Test worker] com.bloip.services.LoggingService        : ConversionRequestConsumer initializing...
2022-12-16 06:38:30.250  INFO 97283 --- [Test worker] com.bloip.services.LoggingService        : initialized: RemoteServices: NO
2022-12-16 06:38:30.900  INFO 97283 --- [Test worker] o.s.s.web.DefaultSecurityFilterChain     : Will secure any request with [org.springframework.security.web.session.DisableEncodeUrlFilter@1d215a52, org.springframework.security.web.context.request.async.WebAsyncManagerIntegrationFilter@409e4611, org.springframework.security.web.context.SecurityContextPersistenceFilter@4512af0e, org.springframework.security.web.header.HeaderWriterFilter@504d9fd1, org.springframework.security.web.authentication.logout.LogoutFilter@47daff53, org.springframework.security.web.authentication.UsernamePasswordAuthenticationFilter@296023de, org.springframework.security.web.savedrequest.RequestCacheAwareFilter@1c2cf47f, org.springframework.security.web.servletapi.SecurityContextHolderAwareRequestFilter@4c16522b, org.springframework.security.web.authentication.AnonymousAuthenticationFilter@6b8564e5, com.bloip.filters.GlobalFilter@5d8a0b6, org.springframework.security.web.session.SessionManagementFilter@21a87972, org.springframework.security.web.access.ExceptionTranslationFilter@4dbad471, org.springframework.security.web.access.intercept.FilterSecurityInterceptor@4dae054b]
2022-12-16 06:38:31.037  WARN 97283 --- [Test worker] JpaBaseConfiguration$JpaWebConfiguration : spring.jpa.open-in-view is enabled by default. Therefore, database queries may be performed during view rendering. Explicitly configure spring.jpa.open-in-view to disable this warning
2022-12-16 06:38:31.568  INFO 97283 --- [Test worker] o.s.b.a.w.s.WelcomePageHandlerMapping    : Adding welcome page template: index
2022-12-16 06:38:32.600  INFO 97283 --- [Test worker] o.s.b.w.embedded.tomcat.TomcatWebServer  : Tomcat started on port(s): 8443 (https) with context path ''
2022-12-16 06:38:32.636  INFO 97283 --- [Test worker] c.b.i.DiscussionEndToEndFunctionalTests  : Started DiscussionEndToEndFunctionalTests in 37.707 seconds (JVM running for 44.227)
2022-12-16 06:38:34.441  INFO 97283 --- [Test worker] com.bloip.services.LoggingService        : MediaConversion.startConvertingAudioFile skipped due to remote services being disabled.
2022-12-16 06:38:34.792  INFO 97283 --- [https-jsse-nio-8443-exec-6] o.a.c.c.C.[Tomcat].[localhost].[/]       : Initializing Spring DispatcherServlet 'dispatcherServlet'
2022-12-16 06:38:34.792  INFO 97283 --- [https-jsse-nio-8443-exec-6] o.s.web.servlet.DispatcherServlet        : Initializing Servlet 'dispatcherServlet'
2022-12-16 06:38:34.793  INFO 97283 --- [https-jsse-nio-8443-exec-6] o.s.web.servlet.DispatcherServlet        : Completed initialization in 1 ms
2022-12-16 06:38:35.083  WARN 97283 --- [https-jsse-nio-8443-exec-6] o.a.c.util.SessionIdGeneratorBase        : Creation of SecureRandom instance for session ID generation using [SHA1PRNG] took [257] milliseconds.
2022-12-16 06:38:35.131  INFO 97283 --- [https-jsse-nio-8443-exec-6] com.bloip.services.LoggingService        : URL: https://localhost:8443/bloip-logout
2022-12-16 06:38:35.143  INFO 97283 --- [https-jsse-nio-8443-exec-6] com.bloip.services.LoggingService        : Cloudfront Country: null
2022-12-16 06:38:36.298  INFO 97283 --- [https-jsse-nio-8443-exec-8] com.bloip.services.LoggingService        : URL: https://localhost:8443/bloip-login
2022-12-16 06:38:36.299  INFO 97283 --- [https-jsse-nio-8443-exec-8] com.bloip.services.LoggingService        : Cloudfront Country: null
2022-12-16 06:38:37.717  WARN 97283 --- [https-jsse-nio-8443-exec-8] n.n.u.t.e.ExpressionProcessor            : Fragment expression "fragments/base-meta.html :: baseMetaContent" is being wrapped as a Thymeleaf 3 fragment expression (~{...}) for backwards compatibility purposes.  This wrapping will be dropped in the next major version of the expression processor, so please rewrite as a Thymeleaf 3 fragment expression to future-proof your code.  See https://github.com/thymeleaf/thymeleaf/issues/451 for more information.
2022-12-16 06:38:37.837  WARN 97283 --- [https-jsse-nio-8443-exec-8] n.n.u.t.l.fragments.FragmentProcessor    : You don't need to put the layout:fragment/data-layout-fragment attribute into the <head> section - the decoration process will automatically copy the <head> section of your content templates into your layout page.
2022-12-16 06:38:40.106  INFO 97283 --- [https-jsse-nio-8443-exec-10] com.bloip.services.LoggingService        : URL: https://localhost:8443/bloip-settings
2022-12-16 06:38:40.107  INFO 97283 --- [https-jsse-nio-8443-exec-10] com.bloip.services.LoggingService        : Cloudfront Country: null
2022-12-16 06:38:40.284  INFO 97283 --- [https-jsse-nio-8443-exec-1] com.bloip.services.LoggingService        : URL: https://localhost:8443/
2022-12-16 06:38:40.284  INFO 97283 --- [https-jsse-nio-8443-exec-1] com.bloip.services.LoggingService        : Cloudfront Country: null
2022-12-16 06:38:40.555  INFO 97283 --- [https-jsse-nio-8443-exec-2] com.bloip.services.LoggingService        : URL: https://localhost:8443/new-discussion
2022-12-16 06:38:40.555  INFO 97283 --- [https-jsse-nio-8443-exec-2] com.bloip.services.LoggingService        : Cloudfront Country: null
2022-12-16 06:38:40.597  WARN 97283 --- [https-jsse-nio-8443-exec-2] n.n.u.t.e.ExpressionProcessor            : Fragment expression "discussion/fragments/states.html :: states" is being wrapped as a Thymeleaf 3 fragment expression (~{...}) for backwards compatibility purposes.  This wrapping will be dropped in the next major version of the expression processor, so please rewrite as a Thymeleaf 3 fragment expression to future-proof your code.  See https://github.com/thymeleaf/thymeleaf/issues/451 for more information.
2022-12-16 06:38:41.047  INFO 97283 --- [Test worker] c.gargoylesoftware.htmlunit.WebConsole   : Transitioning to new state
2022-12-16 06:38:41.047  INFO 97283 --- [Test worker] c.gargoylesoftware.htmlunit.WebConsole   : StateMachine Position: 0
2022-12-16 06:38:41.053  INFO 97283 --- [https-jsse-nio-8443-exec-3] com.bloip.services.LoggingService        : URL: https://localhost:8443/
2022-12-16 06:38:41.053  INFO 97283 --- [https-jsse-nio-8443-exec-3] com.bloip.services.LoggingService        : Cloudfront Country: null
2022-12-16 06:38:42.348  INFO 97283 --- [https-jsse-nio-8443-exec-4] com.bloip.services.LoggingService        : URL: https://localhost:8443/bloip-logout
2022-12-16 06:38:42.348  INFO 97283 --- [https-jsse-nio-8443-exec-4] com.bloip.services.LoggingService        : Cloudfront Country: null
2022-12-16 06:38:42.365  INFO 97283 --- [https-jsse-nio-8443-exec-6] com.bloip.services.LoggingService        : URL: https://localhost:8443/bloip-login
2022-12-16 06:38:42.366  INFO 97283 --- [https-jsse-nio-8443-exec-6] com.bloip.services.LoggingService        : Cloudfront Country: null
2022-12-16 06:38:42.449  INFO 97283 --- [https-jsse-nio-8443-exec-8] com.bloip.services.LoggingService        : URL: https://localhost:8443/bloip-login
2022-12-16 06:38:42.450  INFO 97283 --- [https-jsse-nio-8443-exec-8] com.bloip.services.LoggingService        : Cloudfront Country: null
2022-12-16 06:38:42.664  INFO 97283 --- [https-jsse-nio-8443-exec-10] com.bloip.services.LoggingService        : URL: https://localhost:8443/bloip-settings
2022-12-16 06:38:42.664  INFO 97283 --- [https-jsse-nio-8443-exec-10] com.bloip.services.LoggingService        : Cloudfront Country: null
2022-12-16 06:38:42.725  INFO 97283 --- [https-jsse-nio-8443-exec-1] com.bloip.services.LoggingService        : URL: https://localhost:8443/
2022-12-16 06:38:42.726  INFO 97283 --- [https-jsse-nio-8443-exec-1] com.bloip.services.LoggingService        : Cloudfront Country: null
2022-12-16 06:38:42.812  INFO 97283 --- [https-jsse-nio-8443-exec-2] com.bloip.services.LoggingService        : URL: https://localhost:8443/d/3958/l/en
2022-12-16 06:38:42.812  INFO 97283 --- [https-jsse-nio-8443-exec-2] com.bloip.services.LoggingService        : Cloudfront Country: null
2022-12-16 06:38:42.947  INFO 97283 --- [https-jsse-nio-8443-exec-3] com.bloip.services.LoggingService        : URL: https://localhost:8443/api/d/3958/comments
2022-12-16 06:38:42.948  INFO 97283 --- [https-jsse-nio-8443-exec-3] com.bloip.services.LoggingService        : Cloudfront Country: null
2022-12-16 06:38:42.968  INFO 97283 --- [https-jsse-nio-8443-exec-7] com.bloip.services.LoggingService        : URL: https://localhost:8443/reply/3958
2022-12-16 06:38:42.968  INFO 97283 --- [https-jsse-nio-8443-exec-7] com.bloip.services.LoggingService        : Cloudfront Country: null
2022-12-16 06:38:43.271  INFO 97283 --- [Test worker] c.gargoylesoftware.htmlunit.WebConsole   : Transitioning to new state
2022-12-16 06:38:43.271  INFO 97283 --- [Test worker] c.gargoylesoftware.htmlunit.WebConsole   : StateMachine Position: 0
2022-12-16 06:38:43.275  INFO 97283 --- [https-jsse-nio-8443-exec-8] com.bloip.services.LoggingService        : URL: https://localhost:8443/
2022-12-16 06:38:43.275  INFO 97283 --- [https-jsse-nio-8443-exec-8] com.bloip.services.LoggingService        : Cloudfront Country: null
2022-12-16 06:38:43.422  INFO 97283 --- [Test worker] com.bloip.services.LoggingService        : MediaConversion.startConvertingAudioFile skipped due to remote services being disabled.
2022-12-16 06:38:43.504 DEBUG 97283 --- [Test worker] com.bloip.services.LoggingService        : Creating new inbox item for user: 2546
2022-12-16 06:38:43.516  INFO 97283 --- [Test worker] com.bloip.services.LoggingService        : MediaConversion.startConvertingAudioFile skipped due to remote services being disabled.
2022-12-16 06:38:43.554  INFO 97283 --- [https-jsse-nio-8443-exec-5] com.bloip.services.LoggingService        : URL: https://localhost:8443/bloip-logout
2022-12-16 06:38:43.554  INFO 97283 --- [https-jsse-nio-8443-exec-5] com.bloip.services.LoggingService        : Cloudfront Country: null
2022-12-16 06:38:43.575  INFO 97283 --- [https-jsse-nio-8443-exec-7] com.bloip.services.LoggingService        : URL: https://localhost:8443/bloip-login
2022-12-16 06:38:43.576  INFO 97283 --- [https-jsse-nio-8443-exec-7] com.bloip.services.LoggingService        : Cloudfront Country: null
2022-12-16 06:38:43.955  INFO 97283 --- [https-jsse-nio-8443-exec-8] com.bloip.services.LoggingService        : URL: https://localhost:8443/bloip-settings
2022-12-16 06:38:43.956  INFO 97283 --- [https-jsse-nio-8443-exec-8] com.bloip.services.LoggingService        : Cloudfront Country: null
2022-12-16 06:38:44.025  INFO 97283 --- [https-jsse-nio-8443-exec-9] com.bloip.services.LoggingService        : URL: https://localhost:8443/
2022-12-16 06:38:44.025  INFO 97283 --- [https-jsse-nio-8443-exec-9] com.bloip.services.LoggingService        : Cloudfront Country: null
2022-12-16 06:38:44.109  INFO 97283 --- [https-jsse-nio-8443-exec-10] com.bloip.services.LoggingService        : URL: https://localhost:8443/d/3959/l/en
2022-12-16 06:38:44.109  INFO 97283 --- [https-jsse-nio-8443-exec-10] com.bloip.services.LoggingService        : Cloudfront Country: null
2022-12-16 06:38:44.210  INFO 97283 --- [https-jsse-nio-8443-exec-1] com.bloip.services.LoggingService        : URL: https://localhost:8443/reply/3959
2022-12-16 06:38:44.211  INFO 97283 --- [https-jsse-nio-8443-exec-1] com.bloip.services.LoggingService        : Cloudfront Country: null
2022-12-16 06:38:44.228  INFO 97283 --- [https-jsse-nio-8443-exec-6] com.bloip.services.LoggingService        : URL: https://localhost:8443/api/d/3959/comments
2022-12-16 06:38:44.228  INFO 97283 --- [https-jsse-nio-8443-exec-6] com.bloip.services.LoggingService        : Cloudfront Country: null
2022-12-16 06:38:44.326  INFO 97283 --- [Test worker] c.gargoylesoftware.htmlunit.WebConsole   : Transitioning to new state
2022-12-16 06:38:44.327  INFO 97283 --- [Test worker] c.gargoylesoftware.htmlunit.WebConsole   : StateMachine Position: 0
2022-12-16 06:38:44.329  INFO 97283 --- [https-jsse-nio-8443-exec-7] com.bloip.services.LoggingService        : URL: https://localhost:8443/
2022-12-16 06:38:44.330  INFO 97283 --- [https-jsse-nio-8443-exec-7] com.bloip.services.LoggingService        : Cloudfront Country: null
2022-12-16 06:38:44.512  INFO 97283 --- [Test worker] .b.t.c.SpringBootTestContextBootstrapper : Neither @ContextConfiguration nor @ContextHierarchy found for test class [com.bloip.integration.UserAccountEndToEndFunctionalTests], using SpringBootContextLoader
2022-12-16 06:38:44.513  INFO 97283 --- [Test worker] o.s.t.c.support.AbstractContextLoader    : Could not detect default resource locations for test class [com.bloip.integration.UserAccountEndToEndFunctionalTests]: no resource found for suffixes {-context.xml, Context.groovy}.
2022-12-16 06:38:44.513  INFO 97283 --- [Test worker] t.c.s.AnnotationConfigContextLoaderUtils : Could not detect default configuration classes for test class [com.bloip.integration.UserAccountEndToEndFunctionalTests]: UserAccountEndToEndFunctionalTests does not declare any static, non-private, non-final, nested classes annotated with @Configuration.
2022-12-16 06:38:44.516  INFO 97283 --- [Test worker] .b.t.c.SpringBootTestContextBootstrapper : Found @SpringBootConfiguration com.bloip.BloipApplication for test class com.bloip.integration.UserAccountEndToEndFunctionalTests
2022-12-16 06:38:44.517  INFO 97283 --- [Test worker] .b.t.c.SpringBootTestContextBootstrapper : Loaded default TestExecutionListener class names from location [META-INF/spring.factories]: [org.springframework.boot.test.autoconfigure.restdocs.RestDocsTestExecutionListener, org.springframework.boot.test.autoconfigure.web.client.MockRestServiceServerResetTestExecutionListener, org.springframework.boot.test.autoconfigure.web.servlet.MockMvcPrintOnlyOnFailureTestExecutionListener, org.springframework.boot.test.autoconfigure.web.servlet.WebDriverTestExecutionListener, org.springframework.boot.test.autoconfigure.webservices.client.MockWebServiceServerTestExecutionListener, org.springframework.boot.test.mock.mockito.MockitoTestExecutionListener, org.springframework.boot.test.mock.mockito.ResetMocksTestExecutionListener, org.springframework.test.context.web.ServletTestExecutionListener, org.springframework.test.context.support.DirtiesContextBeforeModesTestExecutionListener, org.springframework.test.context.event.ApplicationEventsTestExecutionListener, org.springframework.test.context.support.DependencyInjectionTestExecutionListener, org.springframework.test.context.support.DirtiesContextTestExecutionListener, org.springframework.test.context.transaction.TransactionalTestExecutionListener, org.springframework.test.context.jdbc.SqlScriptsTestExecutionListener, org.springframework.test.context.event.EventPublishingTestExecutionListener]
2022-12-16 06:38:44.518  INFO 97283 --- [Test worker] .b.t.c.SpringBootTestContextBootstrapper : Using TestExecutionListeners: [org.springframework.test.context.web.ServletTestExecutionListener@56b56566, org.springframework.test.context.support.DirtiesContextBeforeModesTestExecutionListener@45e0589, org.springframework.test.context.event.ApplicationEventsTestExecutionListener@319b4fb3, org.springframework.boot.test.mock.mockito.MockitoTestExecutionListener@20851e5b, org.springframework.boot.test.autoconfigure.SpringBootDependencyInjectionTestExecutionListener@5de6d178, org.springframework.test.context.support.DirtiesContextTestExecutionListener@2960f500, org.springframework.test.context.transaction.TransactionalTestExecutionListener@426dc148, org.springframework.test.context.jdbc.SqlScriptsTestExecutionListener@4a126898, org.springframework.test.context.event.EventPublishingTestExecutionListener@21940db3, org.springframework.boot.test.autoconfigure.restdocs.RestDocsTestExecutionListener@f723474, org.springframework.boot.test.autoconfigure.web.client.MockRestServiceServerResetTestExecutionListener@23b9d353, org.springframework.boot.test.autoconfigure.web.servlet.MockMvcPrintOnlyOnFailureTestExecutionListener@7ab63914, org.springframework.boot.test.autoconfigure.web.servlet.WebDriverTestExecutionListener@7bce4a64, org.springframework.boot.test.autoconfigure.webservices.client.MockWebServiceServerTestExecutionListener@658100fd, org.springframework.boot.test.mock.mockito.ResetMocksTestExecutionListener@8cf7455]
2022-12-16 06:38:45.033  INFO 97283 --- [https-jsse-nio-8443-exec-1] com.bloip.services.LoggingService        : URL: https://localhost:8443/bloip-login
2022-12-16 06:38:45.033  INFO 97283 --- [https-jsse-nio-8443-exec-1] com.bloip.services.LoggingService        : Cloudfront Country: null
2022-12-16 06:38:45.228  INFO 97283 --- [https-jsse-nio-8443-exec-6] com.bloip.services.LoggingService        : URL: https://localhost:8443/bloip-signup
2022-12-16 06:38:45.228  INFO 97283 --- [https-jsse-nio-8443-exec-6] com.bloip.services.LoggingService        : Cloudfront Country: null
2022-12-16 06:38:45.310  INFO 97283 --- [Test worker] c.g.htmlunit.html.HtmlForm               : Form validation failed; element 'HtmlEmailInput[<input id="email1" type="email" name="email" placeholder="Email address" required="" value="garbage">]' was not valid. Submit cancelled.
2022-12-16 06:38:45.325  WARN 97283 --- [Test worker] c.g.htmlunit.javascript.host.Window      : window.alert("The email addresses you entered do not match") no alert handler installed
2022-12-16 06:38:46.331  INFO 97283 --- [Test worker] c.g.htmlunit.html.HtmlForm               : Form validation failed; element 'HtmlCheckBoxInput[<input id="adult-checkbox" type="checkbox" name="adult" required="" value="on">]' was not valid. Submit cancelled.
2022-12-16 06:38:46.335  INFO 97283 --- [https-jsse-nio-8443-exec-7] com.bloip.services.LoggingService        : URL: https://localhost:8443/account-confirmation-email
2022-12-16 06:38:46.358  INFO 97283 --- [https-jsse-nio-8443-exec-7] com.bloip.services.LoggingService        : Cloudfront Country: null
2022-12-16 06:38:46.366  INFO 97283 --- [https-jsse-nio-8443-exec-8] com.bloip.services.LoggingService        : URL: https://localhost:8443/bloip-signup
2022-12-16 06:38:46.367  INFO 97283 --- [https-jsse-nio-8443-exec-8] com.bloip.services.LoggingService        : Cloudfront Country: null
2022-12-16 06:38:46.421  INFO 97283 --- [https-jsse-nio-8443-exec-3] com.bloip.services.LoggingService        : URL: https://localhost:8443/account-confirmation-email
2022-12-16 06:38:46.422  INFO 97283 --- [https-jsse-nio-8443-exec-3] com.bloip.services.LoggingService        : Cloudfront Country: null
2022-12-16 06:38:46.462  INFO 97283 --- [https-jsse-nio-8443-exec-9] com.bloip.services.LoggingService        : URL: https://localhost:8443/bloip-signup
2022-12-16 06:38:46.463  INFO 97283 --- [https-jsse-nio-8443-exec-9] com.bloip.services.LoggingService        : Cloudfront Country: null
2022-12-16 06:38:47.840  INFO 97283 --- [https-jsse-nio-8443-exec-10] com.bloip.services.LoggingService        : URL: https://localhost:8443/complete-signup
2022-12-16 06:38:47.840  INFO 97283 --- [https-jsse-nio-8443-exec-10] com.bloip.services.LoggingService        : Cloudfront Country: null
2022-12-16 06:38:47.932  INFO 97283 --- [Test worker] c.g.htmlunit.html.DefaultElementFactory  : Bad input type: "type", creating a text input
2022-12-16 06:38:47.934  INFO 97283 --- [Test worker] c.g.htmlunit.html.HtmlForm               : Form validation failed; element 'HtmlPasswordInput[<input id="password" type="password" minlength="8" maxlength="20" name="password" placeholder="Password" required="" value="XXXX">]' was not valid. Submit cancelled.
2022-12-16 06:38:47.937  INFO 97283 --- [https-jsse-nio-8443-exec-2] com.bloip.services.LoggingService        : URL: https://localhost:8443/complete-signup
2022-12-16 06:38:47.937  INFO 97283 --- [https-jsse-nio-8443-exec-2] com.bloip.services.LoggingService        : Cloudfront Country: null
2022-12-16 06:38:48.130  INFO 97283 --- [https-jsse-nio-8443-exec-4] com.bloip.services.LoggingService        : URL: https://localhost:8443/complete-signup
2022-12-16 06:38:48.130  INFO 97283 --- [https-jsse-nio-8443-exec-4] com.bloip.services.LoggingService        : Cloudfront Country: null
2022-12-16 06:38:48.136  INFO 97283 --- [https-jsse-nio-8443-exec-5] com.bloip.services.LoggingService        : URL: https://localhost:8443/complete-signup
2022-12-16 06:38:48.136  INFO 97283 --- [https-jsse-nio-8443-exec-5] com.bloip.services.LoggingService        : Cloudfront Country: null
2022-12-16 06:38:48.185  INFO 97283 --- [https-jsse-nio-8443-exec-6] com.bloip.services.LoggingService        : URL: https://localhost:8443/bloip-login
2022-12-16 06:38:48.185  INFO 97283 --- [https-jsse-nio-8443-exec-6] com.bloip.services.LoggingService        : Cloudfront Country: null
2022-12-16 06:38:48.340  INFO 97283 --- [https-jsse-nio-8443-exec-8] com.bloip.services.LoggingService        : URL: https://localhost:8443/bloip-login
2022-12-16 06:38:48.340  INFO 97283 --- [https-jsse-nio-8443-exec-8] com.bloip.services.LoggingService        : Cloudfront Country: null
2022-12-16 06:38:48.499  INFO 97283 --- [https-jsse-nio-8443-exec-9] com.bloip.services.LoggingService        : URL: https://localhost:8443/bloip-settings
2022-12-16 06:38:48.500  INFO 97283 --- [https-jsse-nio-8443-exec-9] com.bloip.services.LoggingService        : Cloudfront Country: null
2022-12-16 06:38:48.545  INFO 97283 --- [https-jsse-nio-8443-exec-10] com.bloip.services.LoggingService        : URL: https://localhost:8443/bloip-logout
2022-12-16 06:38:48.546  INFO 97283 --- [https-jsse-nio-8443-exec-10] com.bloip.services.LoggingService        : Cloudfront Country: null
2022-12-16 06:38:48.554  INFO 97283 --- [https-jsse-nio-8443-exec-4] com.bloip.services.LoggingService        : URL: https://localhost:8443/bloip-login
2022-12-16 06:38:48.554  INFO 97283 --- [https-jsse-nio-8443-exec-4] com.bloip.services.LoggingService        : Cloudfront Country: null
2022-12-16 06:38:48.596  INFO 97283 --- [https-jsse-nio-8443-exec-1] com.bloip.services.LoggingService        : URL: https://localhost:8443/bloip-login
2022-12-16 06:38:48.596  INFO 97283 --- [https-jsse-nio-8443-exec-1] com.bloip.services.LoggingService        : Cloudfront Country: null
2022-12-16 06:38:48.645  INFO 97283 --- [https-jsse-nio-8443-exec-6] com.bloip.services.LoggingService        : URL: https://localhost:8443/bloip-login
2022-12-16 06:38:48.646  INFO 97283 --- [https-jsse-nio-8443-exec-6] com.bloip.services.LoggingService        : Cloudfront Country: null
2022-12-16 06:38:48.691  INFO 97283 --- [https-jsse-nio-8443-exec-7] com.bloip.services.LoggingService        : URL: https://localhost:8443/bloip-forgot-my-password
2022-12-16 06:38:48.691  INFO 97283 --- [https-jsse-nio-8443-exec-7] com.bloip.services.LoggingService        : Cloudfront Country: null
2022-12-16 06:38:48.736  INFO 97283 --- [https-jsse-nio-8443-exec-8] com.bloip.services.LoggingService        : URL: https://localhost:8443/bloip-forgot-my-password
2022-12-16 06:38:48.744  INFO 97283 --- [https-jsse-nio-8443-exec-8] com.bloip.services.LoggingService        : Cloudfront Country: null
2022-12-16 06:38:48.750  INFO 97283 --- [https-jsse-nio-8443-exec-3] com.bloip.services.LoggingService        : URL: https://localhost:8443/bloip-forgot-my-password
2022-12-16 06:38:48.751  INFO 97283 --- [https-jsse-nio-8443-exec-3] com.bloip.services.LoggingService        : Cloudfront Country: null
2022-12-16 06:38:48.791  INFO 97283 --- [https-jsse-nio-8443-exec-9] com.bloip.services.LoggingService        : URL: https://localhost:8443/bloip-forgot-my-password
2022-12-16 06:38:48.792  INFO 97283 --- [https-jsse-nio-8443-exec-9] com.bloip.services.LoggingService        : Cloudfront Country: null
2022-12-16 06:38:48.801  INFO 97283 --- [https-jsse-nio-8443-exec-10] com.bloip.services.LoggingService        : URL: https://localhost:8443/bloip-forgot-my-password
2022-12-16 06:38:48.801  INFO 97283 --- [https-jsse-nio-8443-exec-10] com.bloip.services.LoggingService        : Cloudfront Country: null
2022-12-16 06:38:51.176  INFO 97283 --- [https-jsse-nio-8443-exec-2] com.bloip.services.LoggingService        : URL: https://localhost:8443/bloip-reset-my-password
2022-12-16 06:38:51.176  INFO 97283 --- [https-jsse-nio-8443-exec-2] com.bloip.services.LoggingService        : Cloudfront Country: null
2022-12-16 06:38:51.232  INFO 97283 --- [Test worker] c.g.htmlunit.html.HtmlForm               : Form validation failed; element 'HtmlPasswordInput[<input id="password" type="password" name="password" minlength="8" maxlength="20" placeholder="Enter new password" required="" value="XX">]' was not valid. Submit cancelled.
2022-12-16 06:38:51.234  INFO 97283 --- [https-jsse-nio-8443-exec-4] com.bloip.services.LoggingService        : URL: https://localhost:8443/bloip-reset-my-password
2022-12-16 06:38:51.235  INFO 97283 --- [https-jsse-nio-8443-exec-4] com.bloip.services.LoggingService        : Cloudfront Country: null
2022-12-16 06:38:51.344  INFO 97283 --- [https-jsse-nio-8443-exec-5] com.bloip.services.LoggingService        : URL: https://localhost:8443/bloip-login
2022-12-16 06:38:51.344  INFO 97283 --- [https-jsse-nio-8443-exec-5] com.bloip.services.LoggingService        : Cloudfront Country: null
2022-12-16 06:38:51.498  INFO 97283 --- [https-jsse-nio-8443-exec-6] com.bloip.services.LoggingService        : URL: https://localhost:8443/bloip-settings
2022-12-16 06:38:51.498  INFO 97283 --- [https-jsse-nio-8443-exec-6] com.bloip.services.LoggingService        : Cloudfront Country: null
2022-12-16 06:38:51.534  INFO 97283 --- [https-jsse-nio-8443-exec-7] com.bloip.services.LoggingService        : URL: https://localhost:8443/bloip-reset-my-password
2022-12-16 06:38:51.534  INFO 97283 --- [https-jsse-nio-8443-exec-7] com.bloip.services.LoggingService        : Cloudfront Country: null
2022-12-16 06:38:51.573  INFO 97283 --- [https-jsse-nio-8443-exec-8] com.bloip.services.LoggingService        : URL: https://localhost:8443/bloip-settings
2022-12-16 06:38:51.573  INFO 97283 --- [https-jsse-nio-8443-exec-8] com.bloip.services.LoggingService        : Cloudfront Country: null
2022-12-16 06:38:51.607  INFO 97283 --- [https-jsse-nio-8443-exec-3] com.bloip.services.LoggingService        : URL: https://localhost:8443/bloip-settings/email
2022-12-16 06:38:51.608  INFO 97283 --- [https-jsse-nio-8443-exec-3] com.bloip.services.LoggingService        : Cloudfront Country: null
2022-12-16 06:38:51.668  INFO 97283 --- [https-jsse-nio-8443-exec-9] com.bloip.services.LoggingService        : URL: https://localhost:8443/bloip-settings/email
2022-12-16 06:38:51.669  INFO 97283 --- [https-jsse-nio-8443-exec-9] com.bloip.services.LoggingService        : Cloudfront Country: null
2022-12-16 06:38:51.676  INFO 97283 --- [https-jsse-nio-8443-exec-10] com.bloip.services.LoggingService        : URL: https://localhost:8443/bloip-settings/email
2022-12-16 06:38:51.677  INFO 97283 --- [https-jsse-nio-8443-exec-10] com.bloip.services.LoggingService        : Cloudfront Country: null
2022-12-16 06:38:52.922  INFO 97283 --- [https-jsse-nio-8443-exec-2] com.bloip.services.LoggingService        : URL: https://localhost:8443/bloip-settings/email
2022-12-16 06:38:52.923  INFO 97283 --- [https-jsse-nio-8443-exec-2] com.bloip.services.LoggingService        : Cloudfront Country: null
2022-12-16 06:38:52.933  INFO 97283 --- [https-jsse-nio-8443-exec-4] com.bloip.services.LoggingService        : URL: https://localhost:8443/bloip-settings/email
2022-12-16 06:38:52.933  INFO 97283 --- [https-jsse-nio-8443-exec-4] com.bloip.services.LoggingService        : Cloudfront Country: null
2022-12-16 06:38:54.191  INFO 97283 --- [https-jsse-nio-8443-exec-5] com.bloip.services.LoggingService        : URL: https://localhost:8443/bloip-reset-my-email
2022-12-16 06:38:54.191  INFO 97283 --- [https-jsse-nio-8443-exec-5] com.bloip.services.LoggingService        : Cloudfront Country: null
2022-12-16 06:38:54.341  INFO 97283 --- [https-jsse-nio-8443-exec-1] com.bloip.services.LoggingService        : URL: https://localhost:8443/bloip-reset-my-email
2022-12-16 06:38:54.342  INFO 97283 --- [https-jsse-nio-8443-exec-1] com.bloip.services.LoggingService        : Cloudfront Country: null
2022-12-16 06:38:54.381  INFO 97283 --- [https-jsse-nio-8443-exec-6] com.bloip.services.LoggingService        : URL: https://localhost:8443/bloip-settings
2022-12-16 06:38:54.381  INFO 97283 --- [https-jsse-nio-8443-exec-6] com.bloip.services.LoggingService        : Cloudfront Country: null
2022-12-16 06:38:54.414  INFO 97283 --- [https-jsse-nio-8443-exec-7] com.bloip.services.LoggingService        : URL: https://localhost:8443/bloip-settings/notifications
2022-12-16 06:38:54.414  INFO 97283 --- [https-jsse-nio-8443-exec-7] com.bloip.services.LoggingService        : Cloudfront Country: null
2022-12-16 06:38:54.481  INFO 97283 --- [https-jsse-nio-8443-exec-8] com.bloip.services.LoggingService        : URL: https://localhost:8443/bloip-settings/notifications
2022-12-16 06:38:54.482  INFO 97283 --- [https-jsse-nio-8443-exec-8] com.bloip.services.LoggingService        : Cloudfront Country: null
2022-12-16 06:38:54.508  INFO 97283 --- [https-jsse-nio-8443-exec-3] com.bloip.services.LoggingService        : URL: https://localhost:8443/bloip-settings/notifications
2022-12-16 06:38:54.508  INFO 97283 --- [https-jsse-nio-8443-exec-3] com.bloip.services.LoggingService        : Cloudfront Country: null
2022-12-16 06:38:54.545  INFO 97283 --- [https-jsse-nio-8443-exec-9] com.bloip.services.LoggingService        : URL: https://localhost:8443/bloip-settings/notifications
2022-12-16 06:38:54.546  INFO 97283 --- [https-jsse-nio-8443-exec-9] com.bloip.services.LoggingService        : Cloudfront Country: null
2022-12-16 06:38:54.559  INFO 97283 --- [https-jsse-nio-8443-exec-10] com.bloip.services.LoggingService        : URL: https://localhost:8443/bloip-settings/notifications
2022-12-16 06:38:54.560  INFO 97283 --- [https-jsse-nio-8443-exec-10] com.bloip.services.LoggingService        : Cloudfront Country: null
2022-12-16 06:38:54.613  INFO 97283 --- [https-jsse-nio-8443-exec-2] com.bloip.services.LoggingService        : URL: https://localhost:8443/bloip-settings
2022-12-16 06:38:54.613  INFO 97283 --- [https-jsse-nio-8443-exec-2] com.bloip.services.LoggingService        : Cloudfront Country: null
2022-12-16 06:38:54.646  INFO 97283 --- [https-jsse-nio-8443-exec-4] com.bloip.services.LoggingService        : URL: https://localhost:8443/bloip-settings/confirm-account-deletion
2022-12-16 06:38:54.647  INFO 97283 --- [https-jsse-nio-8443-exec-4] com.bloip.services.LoggingService        : Cloudfront Country: null
2022-12-16 06:38:54.826  INFO 97283 --- [https-jsse-nio-8443-exec-5] com.bloip.services.LoggingService        : URL: https://localhost:8443/bloip-settings/delete-my-account
2022-12-16 06:38:54.826  INFO 97283 --- [https-jsse-nio-8443-exec-5] com.bloip.services.LoggingService        : Cloudfront Country: null
2022-12-16 06:38:54.971  INFO 97283 --- [https-jsse-nio-8443-exec-1] com.bloip.services.LoggingService        : URL: https://localhost:8443/bloip-settings/delete-my-account
2022-12-16 06:38:54.971  INFO 97283 --- [https-jsse-nio-8443-exec-1] com.bloip.services.LoggingService        : Cloudfront Country: null
2022-12-16 06:38:54.988  INFO 97283 --- [https-jsse-nio-8443-exec-6] com.bloip.services.LoggingService        : URL: https://localhost:8443/bloip-logout
2022-12-16 06:38:54.988  INFO 97283 --- [https-jsse-nio-8443-exec-6] com.bloip.services.LoggingService        : Cloudfront Country: null
2022-12-16 06:38:54.996  INFO 97283 --- [https-jsse-nio-8443-exec-8] com.bloip.services.LoggingService        : URL: https://localhost:8443/bloip-login
2022-12-16 06:38:54.996  INFO 97283 --- [https-jsse-nio-8443-exec-8] com.bloip.services.LoggingService        : Cloudfront Country: null
2022-12-16 06:38:55.136  INFO 97283 --- [https-jsse-nio-8443-exec-9] com.bloip.services.LoggingService        : URL: https://localhost:8443/bloip-login
2022-12-16 06:38:55.137  INFO 97283 --- [https-jsse-nio-8443-exec-9] com.bloip.services.LoggingService        : Cloudfront Country: null
2022-12-16 06:38:55.313  INFO 97283 --- [Test worker] .b.t.c.SpringBootTestContextBootstrapper : Neither @ContextConfiguration nor @ContextHierarchy found for test class [com.bloip.BloipApplicationTests], using SpringBootContextLoader
2022-12-16 06:38:55.314  INFO 97283 --- [Test worker] o.s.t.c.support.AbstractContextLoader    : Could not detect default resource locations for test class [com.bloip.BloipApplicationTests]: no resource found for suffixes {-context.xml, Context.groovy}.
2022-12-16 06:38:55.314  INFO 97283 --- [Test worker] t.c.s.AnnotationConfigContextLoaderUtils : Could not detect default configuration classes for test class [com.bloip.BloipApplicationTests]: BloipApplicationTests does not declare any static, non-private, non-final, nested classes annotated with @Configuration.
2022-12-16 06:38:55.358  INFO 97283 --- [Test worker] .b.t.c.SpringBootTestContextBootstrapper : Found @SpringBootConfiguration com.bloip.BloipApplication for test class com.bloip.BloipApplicationTests
2022-12-16 06:38:55.359  INFO 97283 --- [Test worker] .b.t.c.SpringBootTestContextBootstrapper : Loaded default TestExecutionListener class names from location [META-INF/spring.factories]: [org.springframework.boot.test.autoconfigure.restdocs.RestDocsTestExecutionListener, org.springframework.boot.test.autoconfigure.web.client.MockRestServiceServerResetTestExecutionListener, org.springframework.boot.test.autoconfigure.web.servlet.MockMvcPrintOnlyOnFailureTestExecutionListener, org.springframework.boot.test.autoconfigure.web.servlet.WebDriverTestExecutionListener, org.springframework.boot.test.autoconfigure.webservices.client.MockWebServiceServerTestExecutionListener, org.springframework.boot.test.mock.mockito.MockitoTestExecutionListener, org.springframework.boot.test.mock.mockito.ResetMocksTestExecutionListener, org.springframework.test.context.web.ServletTestExecutionListener, org.springframework.test.context.support.DirtiesContextBeforeModesTestExecutionListener, org.springframework.test.context.event.ApplicationEventsTestExecutionListener, org.springframework.test.context.support.DependencyInjectionTestExecutionListener, org.springframework.test.context.support.DirtiesContextTestExecutionListener, org.springframework.test.context.transaction.TransactionalTestExecutionListener, org.springframework.test.context.jdbc.SqlScriptsTestExecutionListener, org.springframework.test.context.event.EventPublishingTestExecutionListener]
2022-12-16 06:38:55.360  INFO 97283 --- [Test worker] .b.t.c.SpringBootTestContextBootstrapper : Using TestExecutionListeners: [org.springframework.test.context.web.ServletTestExecutionListener@486417fc, org.springframework.test.context.support.DirtiesContextBeforeModesTestExecutionListener@3038d28d, org.springframework.test.context.event.ApplicationEventsTestExecutionListener@4f3e7aa6, org.springframework.boot.test.mock.mockito.MockitoTestExecutionListener@78ae72f6, org.springframework.boot.test.autoconfigure.SpringBootDependencyInjectionTestExecutionListener@109d51e8, org.springframework.test.context.support.DirtiesContextTestExecutionListener@66c755cc, org.springframework.test.context.transaction.TransactionalTestExecutionListener@5a10f8f8, org.springframework.test.context.jdbc.SqlScriptsTestExecutionListener@5122088e, org.springframework.test.context.event.EventPublishingTestExecutionListener@2b4a0153, org.springframework.boot.test.autoconfigure.restdocs.RestDocsTestExecutionListener@777f58c3, org.springframework.boot.test.autoconfigure.web.client.MockRestServiceServerResetTestExecutionListener@2a75b9ec, org.springframework.boot.test.autoconfigure.web.servlet.MockMvcPrintOnlyOnFailureTestExecutionListener@6b52b254, org.springframework.boot.test.autoconfigure.web.servlet.WebDriverTestExecutionListener@106976f4, org.springframework.boot.test.autoconfigure.webservices.client.MockWebServiceServerTestExecutionListener@1d5d9d7a, org.springframework.boot.test.mock.mockito.ResetMocksTestExecutionListener@1ae0fde4]
2022-12-16 06:39:00.496  WARN 97283 --- [Test worker] ory$DuplicateJsonObjectContextCustomizer : 

Found multiple occurrences of org.json.JSONObject on the class path:

	jar:file:/Users/NtroduceMe/.gradle/caches/modules-2/files-2.1/org.json/json/20220924/5aa95e7688f76c664af205c5937620f02688dfbc/json-20220924.jar!/org/json/JSONObject.class
	jar:file:/Users/NtroduceMe/.gradle/caches/modules-2/files-2.1/com.vaadin.external.google/android-json/0.0.20131108.vaadin1/fa26d351fe62a6a17f5cda1287c1c6110dec413f/android-json-0.0.20131108.vaadin1.jar!/org/json/JSONObject.class

You may wish to exclude one of them to ensure predictable runtime behavior

2022-12-16 06:39:00.497  INFO 97283 --- [Test worker] com.bloip.BloipApplicationTests          : Starting BloipApplicationTests using Java 18.0.1.1 on Usmans-iMac.local with PID 97283 (started by NtroduceMe in /Users/NtroduceMe/Documents/Git/bloip)
2022-12-16 06:39:00.497  INFO 97283 --- [Test worker] com.bloip.BloipApplicationTests          : No active profile set, falling back to 1 default profile: "default"
2022-12-16 06:39:01.535  INFO 97283 --- [Test worker] .s.d.r.c.RepositoryConfigurationDelegate : Bootstrapping Spring Data JPA repositories in DEFAULT mode.
2022-12-16 06:39:01.613  INFO 97283 --- [Test worker] .s.d.r.c.RepositoryConfigurationDelegate : Finished Spring Data repository scanning in 36 ms. Found 18 JPA repository interfaces.
2022-12-16 06:39:01.786  INFO 97283 --- [Test worker] com.zaxxer.hikari.HikariDataSource       : HikariPool-2 - Starting...
2022-12-16 06:39:01.817  INFO 97283 --- [Test worker] com.zaxxer.hikari.HikariDataSource       : HikariPool-2 - Start completed.
2022-12-16 06:39:01.833  INFO 97283 --- [Test worker] o.hibernate.jpa.internal.util.LogHelper  : HHH000204: Processing PersistenceUnitInfo [name: default]
2022-12-16 06:39:01.839  INFO 97283 --- [Test worker] org.hibernate.dialect.Dialect            : HHH000400: Using dialect: org.hibernate.dialect.MySQL5InnoDBDialect
2022-12-16 06:39:01.951  INFO 97283 --- [Test worker] o.h.e.t.j.p.i.JtaPlatformInitiator       : HHH000490: Using JtaPlatform implementation: [org.hibernate.engine.transaction.jta.platform.internal.NoJtaPlatform]
2022-12-16 06:39:01.952  INFO 97283 --- [Test worker] j.LocalContainerEntityManagerFactoryBean : Initialized JPA EntityManagerFactory for persistence unit 'default'
2022-12-16 06:39:02.012  INFO 97283 --- [Test worker] com.bloip.services.LoggingService        : Loading comments cache
2022-12-16 06:39:02.030  INFO 97283 --- [Test worker] com.bloip.services.LoggingService        : Comment cache is loaded with 0
2022-12-16 06:39:02.088  INFO 97283 --- [Test worker] com.bloip.services.LoggingService        : Initializing discussion cache
2022-12-16 06:39:02.091  INFO 97283 --- [Test worker] com.bloip.services.LoggingService        : Discussion cache initialized: 0 discussions loaded across and sorted in 0 stacks (1 for each country represented)


2022-12-16 06:39:02.118  INFO 97283 --- [Test worker] com.bloip.services.LoggingService        : Initializing discussion subscription cache
2022-12-16 06:39:02.123  INFO 97283 --- [Test worker] com.bloip.services.LoggingService        : Discussion subscription cache initialized


2022-12-16 06:39:02.143  INFO 97283 --- [Test worker] com.bloip.services.LoggingService        : Initializing inbox cache
2022-12-16 06:39:02.178  INFO 97283 --- [Test worker] com.bloip.services.LoggingService        : Inbox cache initialized


2022-12-16 06:39:02.225  INFO 97283 --- [Test worker] com.bloip.services.LoggingService        : Initializing user cache
2022-12-16 06:39:02.231  INFO 97283 --- [Test worker] com.bloip.services.LoggingService        : User cache initialized


2022-12-16 06:39:02.247  INFO 97283 --- [Test worker] com.bloip.services.LoggingService        : Initializing user cookie cache
2022-12-16 06:39:02.252  INFO 97283 --- [Test worker] com.bloip.services.LoggingService        : UserCookie cache initialized


2022-12-16 06:39:02.270  INFO 97283 --- [Test worker] com.bloip.services.LoggingService        : 
Loading web push notification cache
2022-12-16 06:39:02.276  INFO 97283 --- [Test worker] com.bloip.services.LoggingService        : Loaded 0 web push notification stats.

2022-12-16 06:39:02.293  INFO 97283 --- [Test worker] com.bloip.services.LoggingService        : 
Loading web push subscription cache
2022-12-16 06:39:02.310  INFO 97283 --- [Test worker] com.bloip.services.LoggingService        : Loaded subscriptions for 0 users.

2022-12-16 06:39:02.455  INFO 97283 --- [Test worker] com.bloip.services.LoggingService        : Initialized languages: 7, in English
2022-12-16 06:39:02.461  INFO 97283 --- [Test worker] com.bloip.services.LoggingService        : Initialized languages: 7, in Spanish
2022-12-16 06:39:02.466  INFO 97283 --- [Test worker] com.bloip.services.LoggingService        : Initialized languages: 7, in Portuguese
2022-12-16 06:39:02.471  INFO 97283 --- [Test worker] com.bloip.services.LoggingService        : Initialized languages: 7, in French
2022-12-16 06:39:02.475  INFO 97283 --- [Test worker] com.bloip.services.LoggingService        : Initialized languages: 7, in Russian
2022-12-16 06:39:02.480  INFO 97283 --- [Test worker] com.bloip.services.LoggingService        : Initialized languages: 7, in Italian
2022-12-16 06:39:02.484  INFO 97283 --- [Test worker] com.bloip.services.LoggingService        : Initialized languages: 7, in German
2022-12-16 06:39:02.587  INFO 97283 --- [Test worker] com.bloip.services.LoggingService        : Initializing country service...
2022-12-16 06:39:02.708  INFO 97283 --- [Test worker] com.bloip.services.LoggingService        : Initialized countries: 244, in English
2022-12-16 06:39:02.806  INFO 97283 --- [Test worker] com.bloip.services.LoggingService        : Initialized countries: 244, in Spanish
2022-12-16 06:39:02.904  INFO 97283 --- [Test worker] com.bloip.services.LoggingService        : Initialized countries: 244, in Portuguese
2022-12-16 06:39:03.004  INFO 97283 --- [Test worker] com.bloip.services.LoggingService        : Initialized countries: 244, in French
2022-12-16 06:39:03.101  INFO 97283 --- [Test worker] com.bloip.services.LoggingService        : Initialized countries: 244, in Russian
2022-12-16 06:39:03.199  INFO 97283 --- [Test worker] com.bloip.services.LoggingService        : Initialized countries: 244, in Italian
2022-12-16 06:39:03.294  INFO 97283 --- [Test worker] com.bloip.services.LoggingService        : Initialized countries: 244, in German
2022-12-16 06:39:03.294  INFO 97283 --- [Test worker] com.bloip.services.LoggingService        : CountryService initialized
2022-12-16 06:39:04.117  INFO 97283 --- [Test worker] com.bloip.services.LoggingService        : Filter registrations loaded.


2022-12-16 06:39:04.129  INFO 97283 --- [Test worker] com.bloip.services.LoggingService        : AdminNotifier initializing...
2022-12-16 06:39:04.132  INFO 97283 --- [Test worker] com.bloip.services.LoggingService        : AdminNotifier Service initialized: Remote Services: NO
2022-12-16 06:39:04.157  INFO 97283 --- [Test worker] com.bloip.services.LoggingService        : ConversionRequestProducer initializing
2022-12-16 06:39:04.158  INFO 97283 --- [Test worker] com.bloip.services.LoggingService        : initialized: RemoteServices: NO
2022-12-16 06:39:04.288  INFO 97283 --- [Test worker] com.bloip.services.LoggingService        : AWSMediaConvertProducer initializing...
2022-12-16 06:39:04.496  INFO 97283 --- [Test worker] com.bloip.services.LoggingService        : MediaConvert endpoint url -> https://q25wbt2lc.mediaconvert.us-east-1.amazonaws.com
2022-12-16 06:39:04.498  INFO 97283 --- [Test worker] com.bloip.services.LoggingService        : initialized: RemoteServices: NO
2022-12-16 06:39:04.501  INFO 97283 --- [Test worker] com.bloip.services.LoggingService        : ConversionCompleteConsumer initializing...
2022-12-16 06:39:04.503  INFO 97283 --- [Test worker] com.bloip.services.LoggingService        : initialized: RemoteServices: NO
2022-12-16 06:39:04.505  INFO 97283 --- [Test worker] com.bloip.services.LoggingService        : ConversionRequestConsumer initializing...
2022-12-16 06:39:04.507  INFO 97283 --- [Test worker] com.bloip.services.LoggingService        : initialized: RemoteServices: NO
2022-12-16 06:39:04.641  INFO 97283 --- [Test worker] o.s.s.web.DefaultSecurityFilterChain     : Will secure any request with [org.springframework.security.web.session.DisableEncodeUrlFilter@68d2b518, org.springframework.security.web.context.request.async.WebAsyncManagerIntegrationFilter@58105ba0, org.springframework.security.web.context.SecurityContextPersistenceFilter@5ff6a65a, org.springframework.security.web.header.HeaderWriterFilter@6f24f833, org.springframework.security.web.authentication.logout.LogoutFilter@79a11b84, org.springframework.security.web.authentication.UsernamePasswordAuthenticationFilter@5ba64c76, org.springframework.security.web.savedrequest.RequestCacheAwareFilter@5cc156f7, org.springframework.security.web.servletapi.SecurityContextHolderAwareRequestFilter@146cc83c, org.springframework.security.web.authentication.AnonymousAuthenticationFilter@7e8d0d69, com.bloip.filters.GlobalFilter@17a12b32, org.springframework.security.web.session.SessionManagementFilter@588beded, org.springframework.security.web.access.ExceptionTranslationFilter@66ccaf1c, org.springframework.security.web.access.intercept.FilterSecurityInterceptor@764a1e3d]
2022-12-16 06:39:04.757  WARN 97283 --- [Test worker] JpaBaseConfiguration$JpaWebConfiguration : spring.jpa.open-in-view is enabled by default. Therefore, database queries may be performed during view rendering. Explicitly configure spring.jpa.open-in-view to disable this warning
2022-12-16 06:39:04.984  INFO 97283 --- [Test worker] o.s.b.a.w.s.WelcomePageHandlerMapping    : Adding welcome page template: index
2022-12-16 06:39:05.218  INFO 97283 --- [Test worker] com.bloip.BloipApplicationTests          : Started BloipApplicationTests in 9.78 seconds (JVM running for 76.811)
2022-12-16 06:39:05.365  INFO 97283 --- [Test worker] .b.t.c.SpringBootTestContextBootstrapper : Neither @ContextConfiguration nor @ContextHierarchy found for test class [com.bloip.integration.CommentInteractionFlowsTest], using SpringBootContextLoader
2022-12-16 06:39:05.366  INFO 97283 --- [Test worker] o.s.t.c.support.AbstractContextLoader    : Could not detect default resource locations for test class [com.bloip.integration.CommentInteractionFlowsTest]: no resource found for suffixes {-context.xml, Context.groovy}.
2022-12-16 06:39:05.366  INFO 97283 --- [Test worker] t.c.s.AnnotationConfigContextLoaderUtils : Could not detect default configuration classes for test class [com.bloip.integration.CommentInteractionFlowsTest]: CommentInteractionFlowsTest does not declare any static, non-private, non-final, nested classes annotated with @Configuration.
2022-12-16 06:39:05.368  INFO 97283 --- [Test worker] .b.t.c.SpringBootTestContextBootstrapper : Found @SpringBootConfiguration com.bloip.BloipApplication for test class com.bloip.integration.CommentInteractionFlowsTest
2022-12-16 06:39:05.370  INFO 97283 --- [Test worker] .b.t.c.SpringBootTestContextBootstrapper : Loaded default TestExecutionListener class names from location [META-INF/spring.factories]: [org.springframework.boot.test.autoconfigure.restdocs.RestDocsTestExecutionListener, org.springframework.boot.test.autoconfigure.web.client.MockRestServiceServerResetTestExecutionListener, org.springframework.boot.test.autoconfigure.web.servlet.MockMvcPrintOnlyOnFailureTestExecutionListener, org.springframework.boot.test.autoconfigure.web.servlet.WebDriverTestExecutionListener, org.springframework.boot.test.autoconfigure.webservices.client.MockWebServiceServerTestExecutionListener, org.springframework.boot.test.mock.mockito.MockitoTestExecutionListener, org.springframework.boot.test.mock.mockito.ResetMocksTestExecutionListener, org.springframework.test.context.web.ServletTestExecutionListener, org.springframework.test.context.support.DirtiesContextBeforeModesTestExecutionListener, org.springframework.test.context.event.ApplicationEventsTestExecutionListener, org.springframework.test.context.support.DependencyInjectionTestExecutionListener, org.springframework.test.context.support.DirtiesContextTestExecutionListener, org.springframework.test.context.transaction.TransactionalTestExecutionListener, org.springframework.test.context.jdbc.SqlScriptsTestExecutionListener, org.springframework.test.context.event.EventPublishingTestExecutionListener]
2022-12-16 06:39:05.372  INFO 97283 --- [Test worker] .b.t.c.SpringBootTestContextBootstrapper : Using TestExecutionListeners: [org.springframework.test.context.web.ServletTestExecutionListener@1740a04a, org.springframework.test.context.support.DirtiesContextBeforeModesTestExecutionListener@71c24598, org.springframework.test.context.event.ApplicationEventsTestExecutionListener@5cd2d738, org.springframework.boot.test.mock.mockito.MockitoTestExecutionListener@2ce8ce50, org.springframework.boot.test.autoconfigure.SpringBootDependencyInjectionTestExecutionListener@3e386977, org.springframework.test.context.support.DirtiesContextTestExecutionListener@5db505ad, org.springframework.test.context.transaction.TransactionalTestExecutionListener@17947234, org.springframework.test.context.jdbc.SqlScriptsTestExecutionListener@7de4a4d8, org.springframework.test.context.event.EventPublishingTestExecutionListener@6a19c2, org.springframework.boot.test.autoconfigure.restdocs.RestDocsTestExecutionListener@7507ec0f, org.springframework.boot.test.autoconfigure.web.client.MockRestServiceServerResetTestExecutionListener@41b62549, org.springframework.boot.test.autoconfigure.web.servlet.MockMvcPrintOnlyOnFailureTestExecutionListener@19ac8bc3, org.springframework.boot.test.autoconfigure.web.servlet.WebDriverTestExecutionListener@4958353d, org.springframework.boot.test.autoconfigure.webservices.client.MockWebServiceServerTestExecutionListener@3f5df8d, org.springframework.boot.test.mock.mockito.ResetMocksTestExecutionListener@73992ed7]
2022-12-16 06:39:05.581 DEBUG 97283 --- [Test worker] com.bloip.services.LoggingService        : Creating new inbox item for user: 2549
2022-12-16 06:39:05.594 DEBUG 97283 --- [Test worker] com.bloip.services.LoggingService        : Creating new inbox item for user: 2549
2022-12-16 06:39:05.603 DEBUG 97283 --- [Test worker] com.bloip.services.LoggingService        : Creating new inbox item for user: 2549
2022-12-16 06:39:05.615 DEBUG 97283 --- [Test worker] com.bloip.services.LoggingService        : Creating new inbox item for user: 2549
2022-12-16 06:39:05.625 DEBUG 97283 --- [Test worker] com.bloip.services.LoggingService        : Creating new inbox item for user: 2549
2022-12-16 06:39:05.634 DEBUG 97283 --- [Test worker] com.bloip.services.LoggingService        : Creating new inbox item for user: 2549
2022-12-16 06:39:05.643 DEBUG 97283 --- [Test worker] com.bloip.services.LoggingService        : Creating new inbox item for user: 2549
2022-12-16 06:39:05.699 DEBUG 97283 --- [Test worker] com.bloip.services.LoggingService        : Creating new inbox item for user: 2550
2022-12-16 06:39:05.726 DEBUG 97283 --- [Test worker] com.bloip.services.LoggingService        : Creating new inbox item for user: 2550
2022-12-16 06:39:05.737 DEBUG 97283 --- [Test worker] com.bloip.services.LoggingService        : Creating new inbox item for user: 2550
2022-12-16 06:39:05.747 DEBUG 97283 --- [Test worker] com.bloip.services.LoggingService        : Creating new inbox item for user: 2550
2022-12-16 06:39:05.756 DEBUG 97283 --- [Test worker] com.bloip.services.LoggingService        : Creating new inbox item for user: 2550
2022-12-16 06:39:05.766 DEBUG 97283 --- [Test worker] com.bloip.services.LoggingService        : Creating new inbox item for user: 2550
2022-12-16 06:39:05.778 DEBUG 97283 --- [Test worker] com.bloip.services.LoggingService        : Creating new inbox item for user: 2550
2022-12-16 06:39:05.840 DEBUG 97283 --- [Test worker] com.bloip.services.LoggingService        : updating existing user: 2550
2022-12-16 06:39:05.842 DEBUG 97283 --- [Test worker] com.bloip.services.LoggingService        : updating existing user: 2549
2022-12-16 06:39:05.863 DEBUG 97283 --- [Test worker] com.bloip.services.LoggingService        : Creating new inbox item for user: 2549
2022-12-16 06:39:05.866 DEBUG 97283 --- [Test worker] com.bloip.services.LoggingService        : Creating new inbox item for user: 2551
2022-12-16 06:39:05.907 DEBUG 97283 --- [Test worker] com.bloip.services.LoggingService        : Creating new inbox item for user: 2552
2022-12-16 06:39:05.934 DEBUG 97283 --- [Test worker] com.bloip.services.LoggingService        : updating existing user: 2552
2022-12-16 06:39:05.936 DEBUG 97283 --- [Test worker] com.bloip.services.LoggingService        : Creating new inbox item for user: 2553
2022-12-16 06:39:05.943 DEBUG 97283 --- [Test worker] com.bloip.services.LoggingService        : updating existing user: 2552
2022-12-16 06:39:05.945 DEBUG 97283 --- [Test worker] com.bloip.services.LoggingService        : updating existing user: 2553
2022-12-16 06:39:05.947 DEBUG 97283 --- [Test worker] com.bloip.services.LoggingService        : Creating new inbox item for user: 2554
2022-12-16 06:39:05.958 DEBUG 97283 --- [Test worker] com.bloip.services.LoggingService        : updating existing user: 2552
2022-12-16 06:39:05.959 DEBUG 97283 --- [Test worker] com.bloip.services.LoggingService        : updating existing user: 2553
2022-12-16 06:39:05.960 DEBUG 97283 --- [Test worker] com.bloip.services.LoggingService        : updating existing user: 2554
2022-12-16 06:39:05.962 DEBUG 97283 --- [Test worker] com.bloip.services.LoggingService        : Creating new inbox item for user: 2555
2022-12-16 06:39:05.974 DEBUG 97283 --- [Test worker] com.bloip.services.LoggingService        : updating existing user: 2552
2022-12-16 06:39:05.976 DEBUG 97283 --- [Test worker] com.bloip.services.LoggingService        : updating existing user: 2553
2022-12-16 06:39:05.978 DEBUG 97283 --- [Test worker] com.bloip.services.LoggingService        : updating existing user: 2554
2022-12-16 06:39:05.981 DEBUG 97283 --- [Test worker] com.bloip.services.LoggingService        : updating existing user: 2555
2022-12-16 06:39:05.984 DEBUG 97283 --- [Test worker] com.bloip.services.LoggingService        : Creating new inbox item for user: 2556
2022-12-16 06:39:05.996 DEBUG 97283 --- [Test worker] com.bloip.services.LoggingService        : updating existing user: 2552
2022-12-16 06:39:05.998 DEBUG 97283 --- [Test worker] com.bloip.services.LoggingService        : updating existing user: 2553
2022-12-16 06:39:06.000 DEBUG 97283 --- [Test worker] com.bloip.services.LoggingService        : updating existing user: 2554
2022-12-16 06:39:06.001 DEBUG 97283 --- [Test worker] com.bloip.services.LoggingService        : updating existing user: 2555
2022-12-16 06:39:06.002 DEBUG 97283 --- [Test worker] com.bloip.services.LoggingService        : updating existing user: 2556
2022-12-16 06:39:06.004 DEBUG 97283 --- [Test worker] com.bloip.services.LoggingService        : Creating new inbox item for user: 2557
2022-12-16 06:39:06.019 DEBUG 97283 --- [Test worker] com.bloip.services.LoggingService        : updating existing user: 2552
2022-12-16 06:39:06.020 DEBUG 97283 --- [Test worker] com.bloip.services.LoggingService        : updating existing user: 2553
2022-12-16 06:39:06.022 DEBUG 97283 --- [Test worker] com.bloip.services.LoggingService        : updating existing user: 2554
2022-12-16 06:39:06.023 DEBUG 97283 --- [Test worker] com.bloip.services.LoggingService        : updating existing user: 2555
2022-12-16 06:39:06.024 DEBUG 97283 --- [Test worker] com.bloip.services.LoggingService        : updating existing user: 2556
2022-12-16 06:39:06.026 DEBUG 97283 --- [Test worker] com.bloip.services.LoggingService        : updating existing user: 2557
2022-12-16 06:39:06.027 DEBUG 97283 --- [Test worker] com.bloip.services.LoggingService        : Creating new inbox item for user: 2558
2022-12-16 06:39:06.046 DEBUG 97283 --- [Test worker] com.bloip.services.LoggingService        : updating existing user: 2552
2022-12-16 06:39:06.047 DEBUG 97283 --- [Test worker] com.bloip.services.LoggingService        : updating existing user: 2553
2022-12-16 06:39:06.050 DEBUG 97283 --- [Test worker] com.bloip.services.LoggingService        : updating existing user: 2554
2022-12-16 06:39:06.051 DEBUG 97283 --- [Test worker] com.bloip.services.LoggingService        : updating existing user: 2555
2022-12-16 06:39:06.052 DEBUG 97283 --- [Test worker] com.bloip.services.LoggingService        : updating existing user: 2556
2022-12-16 06:39:06.053 DEBUG 97283 --- [Test worker] com.bloip.services.LoggingService        : updating existing user: 2557
2022-12-16 06:39:06.054 DEBUG 97283 --- [Test worker] com.bloip.services.LoggingService        : updating existing user: 2558
2022-12-16 06:39:06.055 DEBUG 97283 --- [Test worker] com.bloip.services.LoggingService        : Creating new inbox item for user: 2559
2022-12-16 06:39:06.068 DEBUG 97283 --- [Test worker] com.bloip.services.LoggingService        : updating existing user: 2552
2022-12-16 06:39:06.069 DEBUG 97283 --- [Test worker] com.bloip.services.LoggingService        : updating existing user: 2553
2022-12-16 06:39:06.070 DEBUG 97283 --- [Test worker] com.bloip.services.LoggingService        : updating existing user: 2554
2022-12-16 06:39:06.071 DEBUG 97283 --- [Test worker] com.bloip.services.LoggingService        : updating existing user: 2555
2022-12-16 06:39:06.072 DEBUG 97283 --- [Test worker] com.bloip.services.LoggingService        : updating existing user: 2556
2022-12-16 06:39:06.074 DEBUG 97283 --- [Test worker] com.bloip.services.LoggingService        : updating existing user: 2557
2022-12-16 06:39:06.076 DEBUG 97283 --- [Test worker] com.bloip.services.LoggingService        : updating existing user: 2558
2022-12-16 06:39:06.077 DEBUG 97283 --- [Test worker] com.bloip.services.LoggingService        : updating existing user: 2559
2022-12-16 06:39:06.080 DEBUG 97283 --- [Test worker] com.bloip.services.LoggingService        : Creating new inbox item for user: 2560
2022-12-16 06:39:06.093 DEBUG 97283 --- [Test worker] com.bloip.services.LoggingService        : updating existing user: 2552
2022-12-16 06:39:06.094 DEBUG 97283 --- [Test worker] com.bloip.services.LoggingService        : updating existing user: 2553
2022-12-16 06:39:06.096 DEBUG 97283 --- [Test worker] com.bloip.services.LoggingService        : updating existing user: 2554
2022-12-16 06:39:06.098 DEBUG 97283 --- [Test worker] com.bloip.services.LoggingService        : updating existing user: 2555
2022-12-16 06:39:06.099 DEBUG 97283 --- [Test worker] com.bloip.services.LoggingService        : updating existing user: 2556
2022-12-16 06:39:06.100 DEBUG 97283 --- [Test worker] com.bloip.services.LoggingService        : updating existing user: 2557
2022-12-16 06:39:06.102 DEBUG 97283 --- [Test worker] com.bloip.services.LoggingService        : updating existing user: 2558
2022-12-16 06:39:06.103 DEBUG 97283 --- [Test worker] com.bloip.services.LoggingService        : updating existing user: 2559
2022-12-16 06:39:06.104 DEBUG 97283 --- [Test worker] com.bloip.services.LoggingService        : updating existing user: 2560
2022-12-16 06:39:06.105 DEBUG 97283 --- [Test worker] com.bloip.services.LoggingService        : Creating new inbox item for user: 2561
2022-12-16 06:39:06.125 DEBUG 97283 --- [Test worker] com.bloip.services.LoggingService        : updating existing user: 2553
2022-12-16 06:39:06.126 DEBUG 97283 --- [Test worker] com.bloip.services.LoggingService        : updating existing user: 2554
2022-12-16 06:39:06.127 DEBUG 97283 --- [Test worker] com.bloip.services.LoggingService        : updating existing user: 2555
2022-12-16 06:39:06.130 DEBUG 97283 --- [Test worker] com.bloip.services.LoggingService        : updating existing user: 2556
2022-12-16 06:39:06.133 DEBUG 97283 --- [Test worker] com.bloip.services.LoggingService        : updating existing user: 2557
2022-12-16 06:39:06.135 DEBUG 97283 --- [Test worker] com.bloip.services.LoggingService        : updating existing user: 2558
2022-12-16 06:39:06.136 DEBUG 97283 --- [Test worker] com.bloip.services.LoggingService        : updating existing user: 2559
2022-12-16 06:39:06.138 DEBUG 97283 --- [Test worker] com.bloip.services.LoggingService        : updating existing user: 2560
2022-12-16 06:39:06.139 DEBUG 97283 --- [Test worker] com.bloip.services.LoggingService        : updating existing user: 2561
2022-12-16 06:39:06.140 DEBUG 97283 --- [Test worker] com.bloip.services.LoggingService        : Creating new inbox item for user: 2562
2022-12-16 06:39:06.175 DEBUG 97283 --- [Test worker] com.bloip.services.LoggingService        : Creating new inbox item for user: 2563
2022-12-16 06:39:06.294  INFO 97283 --- [Test worker] .b.t.c.SpringBootTestContextBootstrapper : Neither @ContextConfiguration nor @ContextHierarchy found for test class [com.bloip.integration.DiscussionInteractionFlowsTest], using SpringBootContextLoader
2022-12-16 06:39:06.295  INFO 97283 --- [Test worker] o.s.t.c.support.AbstractContextLoader    : Could not detect default resource locations for test class [com.bloip.integration.DiscussionInteractionFlowsTest]: no resource found for suffixes {-context.xml, Context.groovy}.
2022-12-16 06:39:06.295  INFO 97283 --- [Test worker] t.c.s.AnnotationConfigContextLoaderUtils : Could not detect default configuration classes for test class [com.bloip.integration.DiscussionInteractionFlowsTest]: DiscussionInteractionFlowsTest does not declare any static, non-private, non-final, nested classes annotated with @Configuration.
2022-12-16 06:39:06.296  INFO 97283 --- [Test worker] .b.t.c.SpringBootTestContextBootstrapper : Found @SpringBootConfiguration com.bloip.BloipApplication for test class com.bloip.integration.DiscussionInteractionFlowsTest
2022-12-16 06:39:06.298  INFO 97283 --- [Test worker] .b.t.c.SpringBootTestContextBootstrapper : Loaded default TestExecutionListener class names from location [META-INF/spring.factories]: [org.springframework.boot.test.autoconfigure.restdocs.RestDocsTestExecutionListener, org.springframework.boot.test.autoconfigure.web.client.MockRestServiceServerResetTestExecutionListener, org.springframework.boot.test.autoconfigure.web.servlet.MockMvcPrintOnlyOnFailureTestExecutionListener, org.springframework.boot.test.autoconfigure.web.servlet.WebDriverTestExecutionListener, org.springframework.boot.test.autoconfigure.webservices.client.MockWebServiceServerTestExecutionListener, org.springframework.boot.test.mock.mockito.MockitoTestExecutionListener, org.springframework.boot.test.mock.mockito.ResetMocksTestExecutionListener, org.springframework.test.context.web.ServletTestExecutionListener, org.springframework.test.context.support.DirtiesContextBeforeModesTestExecutionListener, org.springframework.test.context.event.ApplicationEventsTestExecutionListener, org.springframework.test.context.support.DependencyInjectionTestExecutionListener, org.springframework.test.context.support.DirtiesContextTestExecutionListener, org.springframework.test.context.transaction.TransactionalTestExecutionListener, org.springframework.test.context.jdbc.SqlScriptsTestExecutionListener, org.springframework.test.context.event.EventPublishingTestExecutionListener]
2022-12-16 06:39:06.298  INFO 97283 --- [Test worker] .b.t.c.SpringBootTestContextBootstrapper : Using TestExecutionListeners: [org.springframework.test.context.web.ServletTestExecutionListener@6d7cd6e6, org.springframework.test.context.support.DirtiesContextBeforeModesTestExecutionListener@2a7e0b92, org.springframework.test.context.event.ApplicationEventsTestExecutionListener@713ea923, org.springframework.boot.test.mock.mockito.MockitoTestExecutionListener@302d6539, org.springframework.boot.test.autoconfigure.SpringBootDependencyInjectionTestExecutionListener@3bed5e3c, org.springframework.test.context.support.DirtiesContextTestExecutionListener@6195f048, org.springframework.test.context.transaction.TransactionalTestExecutionListener@65e62ae8, org.springframework.test.context.jdbc.SqlScriptsTestExecutionListener@3e399fc0, org.springframework.test.context.event.EventPublishingTestExecutionListener@6ff43a85, org.springframework.boot.test.autoconfigure.restdocs.RestDocsTestExecutionListener@21ad8083, org.springframework.boot.test.autoconfigure.web.client.MockRestServiceServerResetTestExecutionListener@75c84f34, org.springframework.boot.test.autoconfigure.web.servlet.MockMvcPrintOnlyOnFailureTestExecutionListener@7fd19d2, org.springframework.boot.test.autoconfigure.web.servlet.WebDriverTestExecutionListener@49933bba, org.springframework.boot.test.autoconfigure.webservices.client.MockWebServiceServerTestExecutionListener@4f71393, org.springframework.boot.test.mock.mockito.ResetMocksTestExecutionListener@33714dd6]
2022-12-16 06:39:06.667  INFO 97283 --- [Test worker] .b.t.c.SpringBootTestContextBootstrapper : Neither @ContextConfiguration nor @ContextHierarchy found for test class [com.bloip.integration.webpush.WebPushServiceIntegrationTest], using SpringBootContextLoader
2022-12-16 06:39:06.667  INFO 97283 --- [Test worker] o.s.t.c.support.AbstractContextLoader    : Could not detect default resource locations for test class [com.bloip.integration.webpush.WebPushServiceIntegrationTest]: no resource found for suffixes {-context.xml, Context.groovy}.
2022-12-16 06:39:06.667  INFO 97283 --- [Test worker] t.c.s.AnnotationConfigContextLoaderUtils : Could not detect default configuration classes for test class [com.bloip.integration.webpush.WebPushServiceIntegrationTest]: WebPushServiceIntegrationTest does not declare any static, non-private, non-final, nested classes annotated with @Configuration.
2022-12-16 06:39:06.736  INFO 97283 --- [Test worker] .b.t.c.SpringBootTestContextBootstrapper : Found @SpringBootConfiguration com.bloip.BloipApplication for test class com.bloip.integration.webpush.WebPushServiceIntegrationTest
2022-12-16 06:39:06.737  INFO 97283 --- [Test worker] .b.t.c.SpringBootTestContextBootstrapper : Loaded default TestExecutionListener class names from location [META-INF/spring.factories]: [org.springframework.boot.test.autoconfigure.restdocs.RestDocsTestExecutionListener, org.springframework.boot.test.autoconfigure.web.client.MockRestServiceServerResetTestExecutionListener, org.springframework.boot.test.autoconfigure.web.servlet.MockMvcPrintOnlyOnFailureTestExecutionListener, org.springframework.boot.test.autoconfigure.web.servlet.WebDriverTestExecutionListener, org.springframework.boot.test.autoconfigure.webservices.client.MockWebServiceServerTestExecutionListener, org.springframework.boot.test.mock.mockito.MockitoTestExecutionListener, org.springframework.boot.test.mock.mockito.ResetMocksTestExecutionListener, org.springframework.test.context.web.ServletTestExecutionListener, org.springframework.test.context.support.DirtiesContextBeforeModesTestExecutionListener, org.springframework.test.context.event.ApplicationEventsTestExecutionListener, org.springframework.test.context.support.DependencyInjectionTestExecutionListener, org.springframework.test.context.support.DirtiesContextTestExecutionListener, org.springframework.test.context.transaction.TransactionalTestExecutionListener, org.springframework.test.context.jdbc.SqlScriptsTestExecutionListener, org.springframework.test.context.event.EventPublishingTestExecutionListener]
2022-12-16 06:39:06.738  INFO 97283 --- [Test worker] .b.t.c.SpringBootTestContextBootstrapper : Using TestExecutionListeners: [org.springframework.test.context.web.ServletTestExecutionListener@25fb355e, org.springframework.test.context.support.DirtiesContextBeforeModesTestExecutionListener@70ef4c86, org.springframework.test.context.event.ApplicationEventsTestExecutionListener@399fba77, org.springframework.boot.test.mock.mockito.MockitoTestExecutionListener@7bcaa04a, org.springframework.boot.test.autoconfigure.SpringBootDependencyInjectionTestExecutionListener@7e72ba8, org.springframework.test.context.support.DirtiesContextTestExecutionListener@d66ccae, org.springframework.test.context.transaction.TransactionalTestExecutionListener@496e9377, org.springframework.test.context.jdbc.SqlScriptsTestExecutionListener@6708b2e0, org.springframework.test.context.event.EventPublishingTestExecutionListener@590c6fc2, org.springframework.boot.test.autoconfigure.restdocs.RestDocsTestExecutionListener@62b4cbf1, org.springframework.boot.test.autoconfigure.web.client.MockRestServiceServerResetTestExecutionListener@5ffc19fb, org.springframework.boot.test.autoconfigure.web.servlet.MockMvcPrintOnlyOnFailureTestExecutionListener@7d412f56, org.springframework.boot.test.autoconfigure.web.servlet.WebDriverTestExecutionListener@47893d43, org.springframework.boot.test.autoconfigure.webservices.client.MockWebServiceServerTestExecutionListener@3a69d00, org.springframework.boot.test.mock.mockito.ResetMocksTestExecutionListener@3caa7f4e]
2022-12-16 06:39:06.753  INFO 97283 --- [Test worker] com.bloip.services.LoggingService        : 
Loading web push notification cache
2022-12-16 06:39:06.755  INFO 97283 --- [Test worker] com.bloip.services.LoggingService        : Loaded 0 web push notification stats.

2022-12-16 06:39:06.757  INFO 97283 --- [Test worker] com.bloip.services.LoggingService        : 
Loading web push subscription cache
2022-12-16 06:39:06.759  INFO 97283 --- [Test worker] com.bloip.services.LoggingService        : Loaded subscriptions for 0 users.

2022-12-16 06:39:07.959  INFO 97283 --- [Test worker] com.bloip.services.LoggingService        : 
Loading web push notification cache
2022-12-16 06:39:07.961  INFO 97283 --- [Test worker] com.bloip.services.LoggingService        : Loaded 0 web push notification stats.

2022-12-16 06:39:07.962  INFO 97283 --- [Test worker] com.bloip.services.LoggingService        : 
Loading web push subscription cache
2022-12-16 06:39:07.965  INFO 97283 --- [Test worker] com.bloip.services.LoggingService        : Loaded subscriptions for 0 users.

2022-12-16 06:39:07.974  INFO 97283 --- [Test worker] com.bloip.services.LoggingService        : 
Loading web push notification cache
2022-12-16 06:39:07.976  INFO 97283 --- [Test worker] com.bloip.services.LoggingService        : Loaded 0 web push notification stats.

2022-12-16 06:39:07.977  INFO 97283 --- [Test worker] com.bloip.services.LoggingService        : 
Loading web push subscription cache
2022-12-16 06:39:07.979  INFO 97283 --- [Test worker] com.bloip.services.LoggingService        : Loaded subscriptions for 0 users.

2022-12-16 06:39:07.994  INFO 97283 --- [Test worker] com.bloip.services.LoggingService        : 
Loading web push notification cache
2022-12-16 06:39:07.995  INFO 97283 --- [Test worker] com.bloip.services.LoggingService        : Loaded 0 web push notification stats.

2022-12-16 06:39:07.997  INFO 97283 --- [Test worker] com.bloip.services.LoggingService        : 
Loading web push subscription cache
2022-12-16 06:39:07.999  INFO 97283 --- [Test worker] com.bloip.services.LoggingService        : Loaded subscriptions for 0 users.

2022-12-16 06:39:08.007  INFO 97283 --- [Test worker] com.bloip.services.LoggingService        : 
Loading web push notification cache
2022-12-16 06:39:08.009  INFO 97283 --- [Test worker] com.bloip.services.LoggingService        : Loaded 0 web push notification stats.

2022-12-16 06:39:08.010  INFO 97283 --- [Test worker] com.bloip.services.LoggingService        : 
Loading web push subscription cache
2022-12-16 06:39:08.011  INFO 97283 --- [Test worker] com.bloip.services.LoggingService        : Loaded subscriptions for 0 users.

2022-12-16 06:39:08.167  INFO 97283 --- [Test worker] com.bloip.services.LoggingService        : 
Loading web push notification cache
2022-12-16 06:39:08.169  INFO 97283 --- [Test worker] com.bloip.services.LoggingService        : Loaded 0 web push notification stats.

2022-12-16 06:39:08.171  INFO 97283 --- [Test worker] com.bloip.services.LoggingService        : 
Loading web push subscription cache
2022-12-16 06:39:08.173  INFO 97283 --- [Test worker] com.bloip.services.LoggingService        : Loaded subscriptions for 0 users.

2022-12-16 06:39:08.182  INFO 97283 --- [Test worker] com.bloip.services.LoggingService        : 
Loading web push notification cache
2022-12-16 06:39:08.184  INFO 97283 --- [Test worker] com.bloip.services.LoggingService        : Loaded 0 web push notification stats.

2022-12-16 06:39:08.185  INFO 97283 --- [Test worker] com.bloip.services.LoggingService        : 
Loading web push subscription cache
2022-12-16 06:39:08.187  INFO 97283 --- [Test worker] com.bloip.services.LoggingService        : Loaded subscriptions for 0 users.

2022-12-16 06:39:08.272  INFO 97283 --- [Test worker] com.bloip.services.LoggingService        : 
Loading web push notification cache
2022-12-16 06:39:08.324  INFO 97283 --- [Test worker] com.bloip.services.LoggingService        : Loaded 0 web push notification stats.

2022-12-16 06:39:08.326  INFO 97283 --- [Test worker] com.bloip.services.LoggingService        : 
Loading web push subscription cache
2022-12-16 06:39:08.328  INFO 97283 --- [Test worker] com.bloip.services.LoggingService        : Loaded subscriptions for 0 users.

2022-12-16 06:39:08.339  INFO 97283 --- [Test worker] com.bloip.services.LoggingService        : 
Loading web push notification cache
2022-12-16 06:39:08.340  INFO 97283 --- [Test worker] com.bloip.services.LoggingService        : Loaded 0 web push notification stats.

2022-12-16 06:39:08.341  INFO 97283 --- [Test worker] com.bloip.services.LoggingService        : 
Loading web push subscription cache
2022-12-16 06:39:08.343  INFO 97283 --- [Test worker] com.bloip.services.LoggingService        : Loaded subscriptions for 0 users.

2022-12-16 06:39:08.417  INFO 97283 --- [Test worker] com.bloip.services.LoggingService        : 
Loading web push notification cache
2022-12-16 06:39:08.419  INFO 97283 --- [Test worker] com.bloip.services.LoggingService        : Loaded 0 web push notification stats.

2022-12-16 06:39:08.421  INFO 97283 --- [Test worker] com.bloip.services.LoggingService        : 
Loading web push subscription cache
2022-12-16 06:39:08.422  INFO 97283 --- [Test worker] com.bloip.services.LoggingService        : Loaded subscriptions for 0 users.

2022-12-16 06:39:08.431  INFO 97283 --- [Test worker] com.bloip.services.LoggingService        : 
Loading web push notification cache
2022-12-16 06:39:08.432  INFO 97283 --- [Test worker] com.bloip.services.LoggingService        : Loaded 0 web push notification stats.

2022-12-16 06:39:08.433  INFO 97283 --- [Test worker] com.bloip.services.LoggingService        : 
Loading web push subscription cache
2022-12-16 06:39:08.435  INFO 97283 --- [Test worker] com.bloip.services.LoggingService        : Loaded subscriptions for 0 users.

2022-12-16 06:39:08.462  INFO 97283 --- [Test worker] com.bloip.services.LoggingService        : 
Loading web push notification cache
2022-12-16 06:39:08.465  INFO 97283 --- [Test worker] com.bloip.services.LoggingService        : Loaded 0 web push notification stats.

2022-12-16 06:39:08.467  INFO 97283 --- [Test worker] com.bloip.services.LoggingService        : 
Loading web push subscription cache
2022-12-16 06:39:08.468  INFO 97283 --- [Test worker] com.bloip.services.LoggingService        : Loaded subscriptions for 0 users.

2022-12-16 06:39:08.754  INFO 97283 --- [SpringApplicationShutdownHook] j.LocalContainerEntityManagerFactoryBean : Closing JPA EntityManagerFactory for persistence unit 'default'
2022-12-16 06:39:08.796  INFO 97283 --- [SpringApplicationShutdownHook] com.zaxxer.hikari.HikariDataSource       : HikariPool-1 - Shutdown initiated...
2022-12-16 06:39:08.851  INFO 97283 --- [SpringApplicationShutdownHook] com.zaxxer.hikari.HikariDataSource       : HikariPool-1 - Shutdown completed.
2022-12-16 06:39:08.858  INFO 97283 --- [SpringApplicationShutdownHook] j.LocalContainerEntityManagerFactoryBean : Closing JPA EntityManagerFactory for persistence unit 'default'
2022-12-16 06:39:08.859  INFO 97283 --- [SpringApplicationShutdownHook] com.zaxxer.hikari.HikariDataSource       : HikariPool-2 - Shutdown initiated...
2022-12-16 06:39:08.860  INFO 97283 --- [SpringApplicationShutdownHook] com.zaxxer.hikari.HikariDataSource       : HikariPool-2 - Shutdown completed.
